test_id_prefix	category	target	reason
tests/numsim/integration/test_api.py::test_native_execution_restores_blas_threads_after_failure	C	delete	legacy engine BLAS thread plumbing (private numsim.api._blas_thread_context); v2 does not call NumPy BLAS (Rust ReferenceBackend) so nothing observable remains
tests/numsim/integration/test_api.py::test_overlapping_native_executions_share_blas_limit_until_last_exit	C	delete	legacy engine BLAS thread plumbing (private numsim.api._blas_thread_context refcount); v2 does not call NumPy BLAS so nothing observable remains
tests/numsim/runtime/test_expr_codegen.py::test_bfloat_cast_rounds_through_the_engine_codec	C	delete	only pins legacy generated Rust text (support/manifest.emitted_module); no output or error is asserted
tests/numsim/runtime/test_expr_codegen.py::test_composite_mask_is_atomic_when_embedded_in_select_branch_masks	C	delete	only pins legacy generated Rust text (support/manifest.emitted_module); no output or error is asserted
tests/numsim/runtime/test_expr_codegen.py::test_signed_index_adapter_is_explicit_for_varying_unsigned_values	C	delete	only pins legacy generated Rust text (support/manifest.emitted_module); no output or error is asserted
tests/numsim/runtime/test_expr_codegen.py::test_varying_casts_and_arithmetic_keep_fixed_width_types	C	delete	only pins legacy generated Rust text (support/manifest.emitted_module); no output or error is asserted
tests/numsim/runtime/test_expr_codegen.py::test_varying_mask_algebra_uses_native_bit_operations	C	delete	only pins legacy generated Rust text (support/manifest.emitted_module); no output or error is asserted
tests/numsim/runtime/test_expr_codegen.py::test_varying_mask_and_uniform_boolean_avoid_lane_scan	C	delete	only pins legacy generated Rust text (support/manifest.emitted_module); no output or error is asserted
tests/numsim/microtests/test_cvt_f32_half.py::test_scalar_half_modifiers_match_independent_grid	A	flip	NumSim-only value-grid oracle via run_checked, not GPU-paired; converted in place to numsim P8 (W11)
tests/numsim/integration/test_memory_plan.py::test_mapa_source_in_a_nominal_global_declbuffer_keeps_runtime_address_resolution	C	delete	asserts legacy Rust emission text (support.manifest.emitted_module: pointer_space_for_mask view arguments); no v2 observable (W1 rehearsal)
tests/numsim/integration/test_memory_plan.py::test_all_declared_tmem_views_share_one_physical_backing	C	delete	counts allocate_cta_tmem( in legacy Rust emission (support.manifest.emitted_module); no v2 observable (W1 rehearsal)
