module	reason
tests/analysis_tools/racecheck/test_native_global_write_seed.py	every function has a v2 home: 7 B with v2 replacements in rust_tests (waves 1/2); 7 C legacy-internal (wave 5b); the module goes when its last function retires; held: 2 replacement functions are no_spec xfail (host-input aliasing fed host addresses)
tests/analysis_tools/racecheck/test_native_racecheck_artifact.py	every function has a v2 home: 24 B with v2 replacements in rust_tests (waves 1/2); 2 C legacy-internal (wave 5b); the module goes when its last function retires
tests/analysis_tools/shared/test_codegen_dependency_paths.py	all 5 functions are C (exercise only legacy internals: internal:transpiler); delete with the legacy layer (retire_tests.py --wave 5b)
tests/analysis_tools/synccheck/runtime/test_device_payload_ops.py	every function has a v2 home: 1 A with v2 copies (wave 4); the module goes when its last function retires; held: copy item ptx_mma_legacy_f16_m16n8k16 is v2_gap (tirx.ptx_legacy rejected, delta L2)
tests/analysis_tools/synccheck/runtime/test_device_protocol_ops.py	every function has a v2 home: 1 A with v2 copies (wave 4); 5 B with v2 replacements in rust_tests (waves 1/2); the module goes when its last function retires
tests/analysis_tools/synccheck/test_report_readability.py	all 17 functions are C (exercise only legacy internals: internal:checker_report); delete with the legacy layer (retire_tests.py --wave 5b)
tests/analysis_tools/synccheck/test_sync_site_manifest.py	all 5 functions are C (exercise only legacy internals: internal:transpiler.frontend); delete with the legacy layer (retire_tests.py --wave 5b)
tests/numsim/abi/test_abi_version.py	all 2 functions are C (exercise only legacy internals: internal:abi); delete with the legacy layer (retire_tests.py --wave 5b)
tests/numsim/abi/test_engine_public_api.py	all 1 functions are C (exercise only legacy internals: internal:transpiler.frontend); delete with the legacy layer (retire_tests.py --wave 5b)
tests/numsim/registry/test_bitwise_nodes.py	every function has a v2 home: 1 A with v2 copies (wave 4); the module goes when its last function retires; held: copy v2_gap (int32x2 bitwise/shift nodes accepted lane-wise)
tests/numsim/registry/test_call_registry.py	all 11 functions are C (exercise only legacy internals: internal:transpiler); delete with the legacy layer (retire_tests.py --wave 5b)
tests/numsim/registry/test_call_resolution.py	every function has a v2 home: 4 A with v2 copies (wave 4); 27 C legacy-internal (wave 5b); the module goes when its last function retires; held: 1 copy v2_gap (two TensorMap params sharing a public name accepted) and W11-6 (%laneid)
tests/numsim/registry/test_copy_dispatch_contract.py	every function has a v2 home: 9 A with v2 copies (wave 4); the module goes when its last function retires; held: W11-5 anchor half v2_gap
tests/numsim/registry/test_engine_support_matrix.py	all 3 functions are C (exercise only legacy internals: internal:abi); delete with the legacy layer (retire_tests.py --wave 5b)
tests/numsim/registry/test_operation_runtime_cases.py	all 2 functions are C (exercise only legacy internals: internal:transpiler); delete with the legacy layer (retire_tests.py --wave 5b)
tests/numsim/registry/test_op_registry_contract.py	all 14 functions are C (exercise only legacy internals: internal:transpiler); delete with the legacy layer (retire_tests.py --wave 5b)
tests/numsim/registry/test_ptx_cache_hint_registry.py	all 5 functions are C (exercise only legacy internals: internal:transpiler); delete with the legacy layer (retire_tests.py --wave 5b)
tests/numsim/registry/test_ptx_dialect_decoder.py	all 10 functions are C (exercise only legacy internals: internal:transpiler.ptx_dialect); delete with the legacy layer (retire_tests.py --wave 5b)
tests/numsim/registry/test_ptx_lop3_registry.py	all 2 functions are C (exercise only legacy internals: internal:transpiler); delete with the legacy layer (retire_tests.py --wave 5b)
tests/numsim/registry/test_ptx_spdecompress_registry.py	every function has a v2 home: 3 A with v2 copies (wave 4); 4 C legacy-internal (wave 5b); the module goes when its last function retires; held: 2 copy functions v2_gap (register-overlap rejection missing)
tests/numsim/registry/test_ptx_warp_registry.py	all 2 functions are C (exercise only legacy internals: internal:transpiler); delete with the legacy layer (retire_tests.py --wave 5b)
tests/numsim/registry/test_tile_registry_contract.py	all 1 functions are C (exercise only legacy internals: internal:transpiler); delete with the legacy layer (retire_tests.py --wave 5b)
