legacy_test	class	detail	v2_tests
tests/analysis_tools/synccheck/runtime/test_device_additional_payload_ops.py::test_payload_runtime	delta	item raw_tcgen_mma_tf32_ts_predicated only (other items: v2_ports_internals.tsv, where this item is xfail v2_gap with a stale 'incomplete' reason; v2 now gives bad_address). CONTRACT_REQUESTS.md "Contract changes for W1" Batch 2 item 17 (TMEM buffer Load/Store: each active lane addresses its own warp sub-partition, else fail closed): warp 0 stores TMEM lane 32 -> bad_address in synccheck/racecheck/NumSim; legacy accepted it	tests/numsim/v2/ports/test_triage_device_additional_payload_ops.py::test_payload_runtime_raw_tcgen_mma_tf32_ts_predicated_rejects_cross_subpartition_tmem_store
tests/numsim/integration/test_global_alias_artifact.py::test_global_decl_buffer_alias_reuses_parameter_allocation_bytes	port	dropped rust_source pins and in-place mutation of the caller's 'storage' array (v2 Engine.run never mutates inputs; bytes asserted via result.outputs['storage']); no delta row documents the no-mutation API change (W8 may want one)	tests/numsim/v2/ports/test_triage_global_alias_artifact.py::test_global_decl_buffer_alias_reuses_parameter_allocation_bytes
tests/numsim/integration/test_scheduler_polling_artifact.py::test_finite_for_time_slice_schedules_peer_without_pattern_matching	port	dropped exact spin count output==64 (legacy time-slice quantum; v2 21 at seed 0) and stats.poll_order; kept signal==1, completion, 0<=output<=128 over 8 seeds	tests/numsim/v2/ports/test_triage_scheduler_polling_artifact.py::test_finite_for_time_slice_schedules_peer_without_pattern_matching
tests/numsim/integration/test_scheduler_polling_artifact.py::test_time_slice_does_not_replay_body_side_effects_and_schedules_peer	port	dropped exact spin count output==64 (legacy quantum; v2 25 at seed 0) and stats.poll_order; kept signal==1, completion, output>=0 over 8 seeds	tests/numsim/v2/ports/test_triage_scheduler_polling_artifact.py::test_time_slice_does_not_replay_body_side_effects_and_schedules_peer
tests/numsim/integration/test_scheduler_polling_artifact.py::test_time_slice_uses_configured_reschedule_quantum	port	dropped exact spin count output==7 (= native_loop_reschedule_quantum; v2 0 at seed 0) and stats.poll_order; knob still accepted; kept signal==1, completion	tests/numsim/v2/ports/test_triage_scheduler_polling_artifact.py::test_time_slice_uses_configured_reschedule_quantum
tests/numsim/integration/test_tcgen_transfer_artifact.py::test_tcgen_cp_cta_group2_supports_float16_payloads	delete	W1 001a09f: out of scope (replicated TMEM views, contract item 29 fail-closed); category E; earlier delta copy withdrawn	
tests/numsim/integration/test_tcgen_transfer_artifact.py::test_tcgen_cp_expands_tlane_replicas	delete	W1 001a09f: out of scope (replicated TMEM views, contract item 29 fail-closed); category E; earlier delta copy withdrawn	
tests/numsim/integration/test_tcgen_transfer_artifact.py::test_tcgen_cp_supports_rank3_multi_instruction_layout	delete	W1 001a09f: out of scope (replicated TMEM views, contract item 29 fail-closed); category E; earlier delta copy withdrawn	
tests/numsim/runtime/test_discard.py::test_discard_indeterminate_read_and_alignment	bug	[W2] interp: discard of a non-128-byte-aligned address (base+4) is accepted (verdict review, no '128-byte aligned' error); mem::discard lacks the alignment check. (Earlier W8 triage called this W8-5; that only covers the restore=False half, which passes.)	
tests/numsim/runtime/test_mbarrier_maintenance.py::test_maintenance_active_addresses_still_checked	delta	kind oob -> out_of_bounds (racecheck-behaviour-deltas P5/T6; synccheck rename in test-migration.md 'Kind names'); message names the span [8,16) instead of 'raw shared address 8'; extra review uninitialized_read on the address register read by predicated-off lanes (CONTRACT_REQUESTS V2C-19/V2C-20 register-space uninit reports, 'Tracked locals are Space::Reg')	tests/numsim/v2/ports/test_triage_mbarrier_maintenance.py::test_maintenance_active_addresses_still_checked
tests/numsim/runtime/test_memory_coverage_next.py::test_no_complete_rejects_exhausted_arrivals	delta	sync-behaviour-deltas M6: typed NoCompleteWouldComplete (synccheck mbarrier_no_complete_violated, racecheck sync_protocol_error, ExecutionError) replaces legacy 'noComplete ... pending arrival count' text; same inputs rejected	tests/numsim/v2/ports/test_triage_memory_coverage_next.py::test_no_complete_rejects_exhausted_arrivals
tests/numsim/runtime/test_memory_sync_coverage.py::test_memory_sync_extensions	bug	item address_queries only: [W2] interp: isspacep.shared::cta of a mapa'd peer-CTA generic address returns 1 (expected 0); mem::isspacep treats .shared::cta like .shared::cluster. (scalar_async_store item is a racecheck-verdict failure, not this triage)	
tests/numsim/runtime/test_non_tensor_bulk_forms.py::test_st_bulk_size_is_evaluated_per_issuing_lane	bug	[W2] interp: st.bulk size 1/2 (not a multiple of 8) accepted clean in all modes; -8/16777224/4294967304 only caught as out_of_bounds; mem::st_bulk has no size check ('st.bulk byte count')	
tests/numsim/runtime/test_scalar_control.py::test_mapa_and_cvta_expose_the_device_validated_integer_bits	bug	[W2] arena::addr: generic mapa.u64 of peer shared gives 0x7F00_0100_0000|off, device-validated 0xFFFE_0100_0000|off (GENERIC_SHARED_BASE synthetic); coordinator ruling requested by W8 still open	
tests/numsim/runtime/test_tile_general_semantics.py::test_right_aligned_buffer_broadcast_maps_destination_coordinates	delta	Decision 6 (lowering-inventory.md D.2; numsim-behaviour-deltas 'Tile reductions ... Decision 6' ruling: v2 runs TVM's dispatched code): f32 Tx.add dispatches add.rz.ftz.f32x2 (binary_f32x2.py default rounding_mode rz); 64/256 sums 1 ulp below legacy RN. No explicit row for elementwise rz (W8 may add one)	tests/numsim/v2/ports/test_triage_tile_general_semantics.py::test_right_aligned_buffer_broadcast_maps_destination_coordinates
tests/numsim/runtime/test_tile_unary_codegen.py::test_warpgroup_shared_owner_is_independent_of_vector_chunk	delta	Decision 6 (as above): dispatched smem code chunks contiguously, owner of element i is (i//2)%128 for f32x2 add (rz) and i//4 for vec4 fdiv; legacy element map used i%128	tests/numsim/v2/ports/test_triage_tile_unary_codegen.py::test_warpgroup_shared_owner_is_independent_of_vector_chunk
tests/numsim/runtime/test_tma_atomicity.py::test_tma_atomicity_direction_restrictions	port	dropped report-shape pins: source_text 'T.ptx.cp(' (v2 SiteInfo.text is the builtin name tirx.ptx.cp_async_bulk_tensor_*) and incomplete reason searched in format() (v2 keeps it in details.reason); kept verdicts/messages in 3 modes, one finding, source_op_id, line	tests/numsim/v2/ports/test_triage_tma_atomicity.py::test_tma_atomicity_direction_restrictions
