test	bucket	delta_row_or_request
tests/analysis_tools/racecheck/corpus/test_canonical_kernels_racecheck.py::test_native_racecheck_validates_canonical_kernel[kda_backward_packed]	verdict differs: v2 wrong? (open: untriaged races + wait_exit_unproven)	W5 open
tests/analysis_tools/racecheck/corpus/test_canonical_kernels_racecheck.py::test_native_racecheck_validates_canonical_kernel[kda_decode_multishape]	pins legacy internals (payload keys / native engine / journal parity)	W9: retire or port
tests/analysis_tools/racecheck/corpus/test_canonical_kernels_racecheck.py::test_native_racecheck_validates_canonical_kernel[msa_decode_multishape]	pins legacy internals (payload keys / native engine / journal parity)	W9: retire or port
tests/analysis_tools/racecheck/corpus/test_canonical_kernels_racecheck.py::test_native_racecheck_validates_canonical_kernel[mla_dsv4_multishape]	pins legacy internals (payload keys / native engine / journal parity)	W9: retire or port
tests/analysis_tools/racecheck/corpus/test_canonical_kernels_racecheck.py::test_native_racecheck_validates_canonical_kernel[msa_prefill_multishape]	pins legacy internals (payload keys / native engine / journal parity)	W9: retire or port
tests/analysis_tools/racecheck/corpus/test_canonical_kernels_racecheck.py::test_native_racecheck_validates_canonical_kernel[vsa_multishape]	pins legacy internals (payload keys / native engine / journal parity)	W9: retire or port
tests/analysis_tools/racecheck/corpus/test_canonical_kernels_racecheck.py::test_native_racecheck_validates_canonical_kernel[merge_state]	pins legacy internals (payload keys / native engine / journal parity)	W9: retire or port
tests/analysis_tools/racecheck/corpus/test_canonical_kernels_racecheck.py::test_native_racecheck_validates_canonical_kernel[cudnn_sm103_flex_attention_forward]	verdict differs: v2 right (delta)	T16/T12 (review count)
tests/analysis_tools/racecheck/corpus/test_canonical_kernels_racecheck.py::test_native_racecheck_validates_canonical_kernel[cudnn_sm100_flex_attention_forward_hd256]	pins legacy internals (payload keys / native engine / journal parity)	W9: retire or port
tests/analysis_tools/racecheck/corpus/test_canonical_kernels_racecheck.py::test_native_racecheck_validates_canonical_kernel[cudnn_sm100_flex_attention_backward]	pins legacy internals (payload keys / native engine / journal parity)	W9: retire or port
tests/analysis_tools/racecheck/corpus/test_canonical_kernels_racecheck.py::test_native_racecheck_validates_canonical_kernel[act_and_mul]	pins legacy internals (payload keys / native engine / journal parity)	W9: retire or port
tests/analysis_tools/racecheck/corpus/test_canonical_kernels_racecheck.py::test_native_racecheck_validates_canonical_kernel[silu_and_mul_nvfp4_experts_quantize]	pins legacy internals (payload keys / native engine / journal parity)	W9: retire or port
tests/analysis_tools/racecheck/corpus/test_canonical_kernels_racecheck.py::test_native_racecheck_validates_canonical_kernel[flash_attention4]	verdict differs: v2 right (delta)	T16/T12 (review count)
tests/analysis_tools/racecheck/corpus/test_canonical_kernels_racecheck.py::test_native_racecheck_validates_canonical_kernel[flash_attention_backward_sm100]	verdict differs: v2 right (delta)	B7
tests/analysis_tools/racecheck/corpus/test_canonical_kernels_racecheck.py::test_native_racecheck_validates_canonical_kernel[sm100_fp8_fp4_mega_moe]	verdict differs: v2 right (delta)	T19, R4/B1, B7
tests/analysis_tools/racecheck/corpus/test_canonical_kernels_racecheck.py::test_native_racecheck_validates_canonical_kernel[deepgemm_sm100_fp4_mqa_logits]	pins legacy internals (payload keys / native engine / journal parity)	W9: retire or port
tests/analysis_tools/racecheck/corpus/test_canonical_kernels_racecheck.py::test_native_racecheck_validates_canonical_kernel[deepgemm_sm100_fp8_mqa_logits]	pins legacy internals (payload keys / native engine / journal parity)	W9: retire or port
tests/analysis_tools/racecheck/corpus/test_canonical_kernels_racecheck.py::test_native_racecheck_validates_canonical_kernel[deepgemm_sm100_fp4_paged_mqa_logits]	pins legacy internals (payload keys / native engine / journal parity)	W9: retire or port
tests/analysis_tools/racecheck/corpus/test_canonical_kernels_racecheck.py::test_native_racecheck_validates_canonical_kernel[deepgemm_sm100_fp8_paged_mqa_logits]	pins legacy internals (payload keys / native engine / journal parity)	W9: retire or port
tests/analysis_tools/racecheck/corpus/test_canonical_kernels_racecheck.py::test_native_racecheck_validates_canonical_kernel[deepgemm_sm100_tf32_hc_prenorm_gemm]	verdict differs: v2 right (delta)	numsim uninit reporting point (V2C-19/20, W2)
tests/analysis_tools/racecheck/corpus/test_canonical_kernels_racecheck.py::test_native_racecheck_validates_canonical_kernel[deepgemm_sm100_fp8_bmm]	verdict differs: v2 right (delta)	numsim uninit reporting point (V2C-19/20, W2)
tests/analysis_tools/racecheck/corpus/test_canonical_kernels_racecheck.py::test_native_racecheck_validates_canonical_kernel[deepgemm_sm100_k_grouped_fp8_gemm_contiguous]	pins legacy internals (payload keys / native engine / journal parity)	W9: retire or port
tests/analysis_tools/racecheck/corpus/test_canonical_kernels_racecheck.py::test_native_racecheck_validates_canonical_kernel[deepgemm_sm100_m_grouped_fp8_gemm_contiguous]	verdict differs: v2 right (delta)	numsim uninit reporting point (V2C-19/20, W2)
tests/analysis_tools/racecheck/corpus/test_canonical_kernels_racecheck.py::test_native_racecheck_validates_canonical_kernel[deepgemm_sm100_m_grouped_fp8_gemm_masked]	verdict differs: v2 right (delta)	numsim uninit reporting point (V2C-19/20, W2)
tests/analysis_tools/racecheck/corpus/test_canonical_kernels_racecheck.py::test_native_racecheck_validates_canonical_kernel[flash_mla_sparse_fwd]	pins legacy internals (payload keys / native engine / journal parity)	W9: retire or port
tests/analysis_tools/racecheck/corpus/test_canonical_kernels_racecheck.py::test_native_racecheck_validates_canonical_kernel[sparse_flashmla_decode_head64]	pins legacy internals (payload keys / native engine / journal parity)	W9: retire or port
tests/analysis_tools/racecheck/corpus/test_canonical_kernels_racecheck.py::test_native_racecheck_validates_canonical_kernel[sparse_flashmla_prefill_head128_phase1]	verdict differs: v2 right (delta) + v2 wrong (event shape)	B7; W5-12 (W2)
tests/analysis_tools/racecheck/corpus/test_canonical_kernels_racecheck.py::test_native_racecheck_validates_canonical_kernel[sparse_flashmla_prefill_head128_small_topk_phase1]	verdict differs: v2 right (delta) + v2 wrong (event shape)	B7; W5-12 (W2)
tests/analysis_tools/racecheck/corpus/test_canonical_kernels_racecheck.py::test_native_racecheck_validates_canonical_kernel[sparse_flashmla_prefill_head64_phase1]	pins legacy internals (payload keys / native engine / journal parity)	W9: retire or port
tests/analysis_tools/racecheck/corpus/test_canonical_kernels_racecheck.py::test_native_racecheck_validates_canonical_kernel[fp16_bf16_gemm]	verdict differs: v2 right (delta)	B7
tests/analysis_tools/racecheck/corpus/test_canonical_kernels_racecheck.py::test_native_racecheck_validates_canonical_kernel[bmm_fp8_rubin]	verdict differs: v2 right (delta)	B7
tests/analysis_tools/racecheck/corpus/test_canonical_kernels_racecheck.py::test_native_racecheck_validates_canonical_kernel[cudnn_sm100_dense_blockscaled_gemm_persistent_amax]	pins legacy internals (payload keys / native engine / journal parity)	W9: retire or port
tests/analysis_tools/racecheck/corpus/test_canonical_kernels_racecheck.py::test_native_racecheck_validates_canonical_kernel[cudnn_sm100_dense_blockscaled_gemm_persistent_srelu_quant]	verdict differs: v2 right (delta)	B7
tests/analysis_tools/racecheck/corpus/test_canonical_kernels_racecheck.py::test_native_racecheck_validates_canonical_kernel[cudnn_sm100_dense_blockscaled_gemm_persistent_dsrelu_quant]	verdict differs: v2 right (delta)	B7
tests/analysis_tools/racecheck/corpus/test_canonical_kernels_racecheck.py::test_native_racecheck_validates_canonical_kernel[cudnn_sm100_dense_gemm_persistent_swiglu]	pins legacy internals (payload keys / native engine / journal parity)	W9: retire or port
tests/analysis_tools/racecheck/corpus/test_canonical_kernels_racecheck.py::test_native_racecheck_validates_canonical_kernel[cudnn_sm100_dense_blockscaled_gemm_persistent_swiglu_interleaved_quant]	pins legacy internals (payload keys / native engine / journal parity)	W9: retire or port
tests/analysis_tools/racecheck/corpus/test_canonical_kernels_racecheck.py::test_native_racecheck_validates_canonical_kernel[cudnn_sm100_moe_blockscaled_grouped_gemm_dglu_dbias]	pins legacy internals (payload keys / native engine / journal parity)	W9: retire or port
tests/analysis_tools/racecheck/corpus/test_canonical_kernels_racecheck.py::test_native_racecheck_validates_canonical_kernel[cudnn_sm100_moe_grouped_gemm_dglu_dbias]	pins legacy internals (payload keys / native engine / journal parity)	W9: retire or port
tests/analysis_tools/racecheck/corpus/test_canonical_kernels_racecheck.py::test_native_racecheck_validates_canonical_kernel[cudnn_sm100_kda_bprop_f16]	pins legacy internals (payload keys / native engine / journal parity)	W9: retire or port
tests/analysis_tools/racecheck/corpus/test_canonical_kernels_racecheck.py::test_native_racecheck_validates_canonical_kernel[cudnn_sm100_gdn_bprop_f16]	pins legacy internals (payload keys / native engine / journal parity)	W9: retire or port
tests/analysis_tools/racecheck/corpus/test_canonical_kernels_racecheck.py::test_native_racecheck_validates_canonical_kernel[cudnn_sm100_gdn2_prefill_f16]	pins legacy internals (payload keys / native engine / journal parity)	W9: retire or port
tests/analysis_tools/racecheck/corpus/test_canonical_kernels_racecheck.py::test_native_racecheck_validates_canonical_kernel[cudnn_sm100_gdn2_bprop_f16]	pins legacy internals (payload keys / native engine / journal parity)	W9: retire or port
tests/analysis_tools/racecheck/corpus/test_canonical_kernels_racecheck.py::test_native_racecheck_validates_canonical_kernel[cudnn_sm100_gdn_prefill_f16]	pins legacy internals (payload keys / native engine / journal parity)	W9: retire or port
tests/analysis_tools/racecheck/corpus/test_canonical_kernels_racecheck.py::test_native_racecheck_validates_canonical_kernel[cudnn_sm100_gdn_recompute_f16]	pins legacy internals (payload keys / native engine / journal parity)	W9: retire or port
tests/analysis_tools/racecheck/corpus/test_canonical_kernels_racecheck.py::test_native_racecheck_validates_canonical_kernel[cudnn_sm100_dsa_sparse_attention_backward]	pins legacy internals (payload keys / native engine / journal parity)	W9: retire or port
tests/analysis_tools/racecheck/corpus/test_canonical_kernels_racecheck.py::test_native_racecheck_validates_canonical_kernel[cudnn_sm100_bsa_backward_blk128]	pins legacy internals (payload keys / native engine / journal parity)	W9: retire or port
tests/analysis_tools/racecheck/corpus/test_canonical_kernels_racecheck.py::test_native_racecheck_validates_canonical_kernel[cudnn_sm100_bsa_backward_blk64]	pins legacy internals (payload keys / native engine / journal parity)	W9: retire or port
tests/analysis_tools/racecheck/corpus/test_canonical_kernels_racecheck.py::test_native_racecheck_validates_canonical_kernel[cudnn_sm100_bsa_forward_blk128]	verdict differs: v2 right (delta)	T16/T12 (review count)
tests/analysis_tools/racecheck/corpus/test_canonical_kernels_racecheck.py::test_native_racecheck_validates_canonical_kernel[cudnn_sm100_bsa_forward_blk64]	verdict differs: v2 right (delta)	T16/T12 (review count)
tests/analysis_tools/racecheck/corpus/test_canonical_kernels_racecheck.py::test_native_racecheck_validates_canonical_kernel[cudnn_sm100_bsa_forward_combine_blk64]	verdict differs: v2 right (delta)	numsim uninit reporting point (V2C-19/20, W2)
tests/analysis_tools/racecheck/corpus/test_canonical_kernels_racecheck.py::test_native_racecheck_validates_canonical_kernel[cudnn_sm100_csa_compressor_fwd]	pins legacy internals (payload keys / native engine / journal parity)	W9: retire or port
tests/analysis_tools/racecheck/corpus/test_canonical_kernels_racecheck.py::test_native_racecheck_validates_canonical_kernel[cudnn_sm100_gemm_proj_rope_mxfp8_bf16in]	pins legacy internals (payload keys / native engine / journal parity)	W9: retire or port
tests/analysis_tools/racecheck/corpus/test_canonical_kernels_racecheck.py::test_native_racecheck_validates_canonical_kernel[cudnn_sm100_gemm_proj_rope_mxfp8_mxfp8in]	pins legacy internals (payload keys / native engine / journal parity)	W9: retire or port
tests/analysis_tools/racecheck/corpus/test_canonical_kernels_racecheck.py::test_native_racecheck_validates_canonical_kernel[deepgemm_sm100_fp8_gemm_1d1d]	verdict differs: v2 right (delta)	B7
tests/analysis_tools/racecheck/corpus/test_canonical_kernels_racecheck.py::test_native_racecheck_validates_canonical_kernel[gdn_prefill_sm100]	pins legacy internals (payload keys / native engine / journal parity)	W9: retire or port
tests/analysis_tools/racecheck/corpus/test_canonical_kernels_racecheck.py::test_native_racecheck_validates_canonical_kernel[gdn_cp_prefill_sm100]	pins legacy internals (payload keys / native engine / journal parity)	W9: retire or port
tests/analysis_tools/racecheck/corpus/test_canonical_kernels_racecheck.py::test_native_racecheck_validates_canonical_kernel[kda_forward_portfolio_multishape]	pins legacy internals (payload keys / native engine / journal parity)	W9: retire or port
tests/analysis_tools/racecheck/corpus/test_canonical_kernels_racecheck.py::test_native_racecheck_validates_canonical_kernel[recurrent_kda_decode_grouped]	pins legacy internals (payload keys / native engine / journal parity)	W9: retire or port
tests/analysis_tools/racecheck/corpus/test_canonical_kernels_racecheck.py::test_native_racecheck_validates_canonical_kernel[recurrent_kda_decode_one_warp]	pins legacy internals (payload keys / native engine / journal parity)	W9: retire or port
tests/analysis_tools/racecheck/corpus/test_canonical_kernels_racecheck.py::test_native_racecheck_validates_canonical_kernel[gdn_decode_bf16_ilp4]	pins legacy internals (payload keys / native engine / journal parity)	W9: retire or port
tests/analysis_tools/racecheck/corpus/test_canonical_kernels_racecheck.py::test_native_racecheck_validates_canonical_kernel[gdn_decode_bf16_wide_vec_mtp]	pins legacy internals (payload keys / native engine / journal parity)	W9: retire or port
tests/analysis_tools/racecheck/corpus/test_canonical_kernels_racecheck.py::test_native_racecheck_validates_canonical_kernel[gdn_decode_bf16_wide_vec_t1]	pins legacy internals (payload keys / native engine / journal parity)	W9: retire or port
tests/analysis_tools/racecheck/corpus/test_canonical_kernels_racecheck.py::test_native_racecheck_validates_canonical_kernel[gdn_decode_fp32_mtp_warp]	pins legacy internals (payload keys / native engine / journal parity)	W9: retire or port
tests/analysis_tools/racecheck/corpus/test_canonical_kernels_racecheck.py::test_native_racecheck_validates_canonical_kernel[selective_state_update_stp_simple]	pins legacy internals (payload keys / native engine / journal parity)	W9: retire or port
tests/analysis_tools/racecheck/corpus/test_canonical_kernels_racecheck.py::test_native_racecheck_validates_canonical_kernel[selective_state_update_stp_vertical]	pins legacy internals (payload keys / native engine / journal parity)	W9: retire or port
tests/analysis_tools/racecheck/corpus/test_canonical_kernels_racecheck.py::test_native_racecheck_validates_canonical_kernel[selective_state_update_stp_horizontal]	pins legacy internals (payload keys / native engine / journal parity)	W9: retire or port
tests/analysis_tools/racecheck/corpus/test_canonical_kernels_racecheck.py::test_native_racecheck_validates_canonical_kernel[selective_state_update_mtp_simple]	pins legacy internals (payload keys / native engine / journal parity)	W9: retire or port
tests/analysis_tools/racecheck/corpus/test_canonical_kernels_racecheck.py::test_native_racecheck_validates_canonical_kernel[selective_state_update_mtp_vertical]	pins legacy internals (payload keys / native engine / journal parity)	W9: retire or port
tests/analysis_tools/racecheck/corpus/test_canonical_kernels_racecheck.py::test_native_racecheck_validates_canonical_kernel[selective_state_update_mtp_horizontal]	pins legacy internals (payload keys / native engine / journal parity)	W9: retire or port
tests/analysis_tools/racecheck/corpus/test_canonical_kernels_racecheck.py::test_native_racecheck_validates_canonical_kernel[nvfp4_gemm]	verdict differs: v2 right (delta)	B7
tests/analysis_tools/racecheck/corpus/test_canonical_kernels_racecheck.py::test_native_racecheck_validates_canonical_kernel[mxfp4_quantize]	pins legacy internals (payload keys / native engine / journal parity)	W9: retire or port
tests/analysis_tools/racecheck/corpus/test_canonical_kernels_racecheck.py::test_native_racecheck_validates_canonical_kernel[mxfp8_quantize]	pins legacy internals (payload keys / native engine / journal parity)	W9: retire or port
tests/analysis_tools/racecheck/corpus/test_canonical_kernels_racecheck.py::test_native_racecheck_validates_canonical_kernel[nvfp4_quantize]	pins legacy internals (payload keys / native engine / journal parity)	W9: retire or port
tests/analysis_tools/racecheck/corpus/test_canonical_kernels_racecheck.py::test_native_racecheck_validates_canonical_kernel[nvfp4_quantize_per_token]	pins legacy internals (payload keys / native engine / journal parity)	W9: retire or port
tests/analysis_tools/racecheck/corpus/test_canonical_kernels_racecheck.py::test_native_racecheck_validates_canonical_kernel[rmsnorm]	pins legacy internals (payload keys / native engine / journal parity)	W9: retire or port
tests/analysis_tools/racecheck/corpus/test_canonical_kernels_racecheck.py::test_native_racecheck_validates_canonical_kernel[flashinfer_rmsnorm_fp4quant]	pins legacy internals (payload keys / native engine / journal parity)	W9: retire or port
tests/analysis_tools/racecheck/corpus/test_canonical_kernels_racecheck.py::test_native_racecheck_validates_canonical_kernel[flashinfer_rmsnorm]	pins legacy internals (payload keys / native engine / journal parity)	W9: retire or port
tests/analysis_tools/racecheck/corpus/test_canonical_kernels_racecheck.py::test_native_racecheck_validates_canonical_kernel[flashinfer_rmsnorm_quant]	pins legacy internals (payload keys / native engine / journal parity)	W9: retire or port
tests/analysis_tools/racecheck/corpus/test_canonical_kernels_racecheck.py::test_native_racecheck_validates_canonical_kernel[flashinfer_fused_add_rmsnorm]	pins legacy internals (payload keys / native engine / journal parity)	W9: retire or port
tests/analysis_tools/racecheck/corpus/test_canonical_kernels_racecheck.py::test_native_racecheck_validates_canonical_kernel[flashinfer_fused_add_rmsnorm_quant]	pins legacy internals (payload keys / native engine / journal parity)	W9: retire or port
tests/analysis_tools/racecheck/corpus/test_canonical_kernels_racecheck.py::test_native_racecheck_validates_canonical_kernel[flashinfer_layernorm]	pins legacy internals (payload keys / native engine / journal parity)	W9: retire or port
tests/analysis_tools/racecheck/corpus/test_canonical_kernels_racecheck.py::test_native_racecheck_validates_canonical_kernel[flashinfer_fused_dit_layernorm]	pins legacy internals (payload keys / native engine / journal parity)	W9: retire or port
tests/analysis_tools/racecheck/corpus/test_canonical_kernels_racecheck.py::test_native_racecheck_validates_canonical_kernel[flashinfer_add_rmsnorm_fp4quant]	pins legacy internals (payload keys / native engine / journal parity)	W9: retire or port
tests/analysis_tools/racecheck/corpus/test_canonical_kernels_racecheck.py::test_native_racecheck_validates_canonical_kernel[flashinfer_qk_rmsnorm]	pins legacy internals (payload keys / native engine / journal parity)	W9: retire or port
tests/analysis_tools/racecheck/corpus/test_canonical_kernels_racecheck.py::test_native_racecheck_validates_canonical_kernel[fast_topk_clusters]	pins legacy internals (payload keys / native engine / journal parity)	W9: retire or port
tests/analysis_tools/racecheck/corpus/test_canonical_kernels_racecheck.py::test_native_racecheck_validates_canonical_kernel[filtered_topk]	pins legacy internals (payload keys / native engine / journal parity)	W9: retire or port
tests/analysis_tools/racecheck/corpus/test_canonical_kernels_racecheck.py::test_native_racecheck_validates_canonical_kernel[radix_topk_multi_cta]	pins legacy internals (payload keys / native engine / journal parity)	W9: retire or port
tests/analysis_tools/racecheck/corpus/test_canonical_kernels_racecheck.py::test_native_racecheck_validates_canonical_kernel[radix_topk_single_cta]	pins legacy internals (payload keys / native engine / journal parity)	W9: retire or port
tests/analysis_tools/racecheck/corpus/test_canonical_kernels_racecheck.py::test_native_racecheck_validates_canonical_kernel[stable_sort_topk_by_value]	pins legacy internals (payload keys / native engine / journal parity)	W9: retire or port
tests/analysis_tools/racecheck/corpus/test_canonical_kernels_racecheck.py::test_native_racecheck_validates_canonical_kernel[msa_sparse_atten_fwd_sm100]	pins legacy internals (payload keys / native engine / journal parity)	W9: retire or port
tests/analysis_tools/racecheck/corpus/test_canonical_kernels_racecheck.py::test_native_racecheck_validates_canonical_kernel[msa_sparse_atten_fwd_combine_sm100]	pins legacy internals (payload keys / native engine / journal parity)	W9: retire or port
tests/analysis_tools/racecheck/corpus/test_canonical_kernels_racecheck.py::test_native_racecheck_validates_canonical_kernel[msa_sparse_atten_fwd_nvfp4_kv_sm100]	verdict differs: v2 right (delta)	T12
tests/analysis_tools/racecheck/corpus/test_canonical_kernels_racecheck.py::test_native_racecheck_validates_canonical_kernel[msa_sparse_prepare_flat_schedule_sm100]	pins legacy internals (payload keys / native engine / journal parity)	W9: retire or port
tests/analysis_tools/racecheck/corpus/test_canonical_kernels_racecheck.py::test_native_racecheck_validates_canonical_kernel[msa_sparse_prepare_fwd_split_atomic_sm100]	pins legacy internals (payload keys / native engine / journal parity)	W9: retire or port
tests/analysis_tools/racecheck/corpus/test_canonical_kernels_racecheck.py::test_native_racecheck_validates_canonical_kernel[cudnn_sm100_gdn2_recompute_f16]	pins legacy internals (payload keys / native engine / journal parity)	W9: retire or port
tests/analysis_tools/racecheck/corpus/test_canonical_kernels_racecheck.py::test_native_racecheck_validates_canonical_kernel[fastcu_nvfp4_gemm_gb300]	verdict differs: v2 right (delta)	B7
tests/analysis_tools/racecheck/corpus/test_canonical_kernels_racecheck.py::test_native_racecheck_validates_canonical_kernel[flash_attention4_fp4]	pins legacy internals (payload keys / native engine / journal parity)	W9: retire or port
tests/analysis_tools/racecheck/corpus/test_canonical_kernels_racecheck.py::test_native_racecheck_validates_canonical_kernel[dense_blockscaled_gemm_sm107]	pins legacy internals (payload keys / native engine / journal parity)	W9: retire or port
tests/analysis_tools/racecheck/corpus/test_canonical_kernels_racecheck.py::test_native_racecheck_validates_canonical_kernel[grouped_gemm_masked_rubin]	pins legacy internals (payload keys / native engine / journal parity)	W9: retire or port
tests/analysis_tools/racecheck/corpus/test_canonical_kernels_racecheck.py::test_native_racecheck_validates_canonical_kernel[blockscaled_contiguous_gather_grouped_gemm_swiglu_fusion_rubin]	pins legacy internals (payload keys / native engine / journal parity)	W9: retire or port
tests/analysis_tools/racecheck/corpus/test_canonical_kernels_racecheck.py::test_real_mega_moe_racecheck_completes_within_performance_budget[two_tokens]	pins legacy internals (payload keys / native engine / journal parity)	W9: retire or port
tests/analysis_tools/racecheck/corpus/test_canonical_kernels_racecheck.py::test_real_mega_moe_racecheck_completes_within_performance_budget[sixteen_tokens]	pins legacy internals (payload keys / native engine / journal parity)	W9: retire or port
tests/analysis_tools/racecheck/corpus/test_canonical_kernels_racecheck.py::test_real_mega_moe_racecheck_completes_within_performance_budget[twenty_four_experts]	pins legacy internals (payload keys / native engine / journal parity)	W9: retire or port
tests/analysis_tools/racecheck/corpus/test_canonical_kernels_racecheck.py::test_real_mega_moe_racecheck_completes_within_performance_budget[shared_expert]	pins legacy internals (payload keys / native engine / journal parity)	W9: retire or port
tests/analysis_tools/racecheck/corpus/test_canonical_kernels_racecheck.py::test_real_mega_moe_racecheck_completes_within_performance_budget[medium_moe]	infra: hang (>600 s, native; not finished)	-
tests/analysis_tools/racecheck/corpus/test_canonical_kernels_racecheck.py::test_real_mega_moe_racecheck_completes_within_performance_budget[large_moe]	infra: hang (>600 s, native; not finished)	-
tests/analysis_tools/racecheck/corpus/test_canonical_kernels_racecheck.py::test_native_racecheck_validates_flashmla_small_topk_task_steal	verdict differs: v2 right (delta) + v2 wrong (event shape)	B7; W5-12 (W2)
tests/analysis_tools/racecheck/test_declared_word_regressions.py::test_a_relaxed_publication_leaves_the_payload_unordered	infra: hang (>600 s, native; not finished)	-
tests/analysis_tools/racecheck/test_declared_word_shapes.py::test_declared_word_shape_gets_the_verdict_it_earns[read_once_no_retry]	documented limitation	T18 (strict xfail)
tests/analysis_tools/racecheck/test_declared_word_shapes.py::test_declared_word_shape_gets_the_verdict_it_earns[raw_shared_cluster_poll]	verdict differs: v2 right (delta)	R3/R9 (undeclared_protocol_word review)
tests/analysis_tools/racecheck/test_native_alias_advisory.py::test_public_native_stale_logical_name_read_is_review	verdict differs: v2 right (delta)	P7 / W5-9 (same-dtype views share root identity)
tests/analysis_tools/racecheck/test_native_async_lifetime_contracts.py::test_tcgen_transfer_requires_the_directional_wait[0-read_write-review]	pins legacy internals (payload keys / native engine / journal parity)	W9: retire or port
tests/analysis_tools/racecheck/test_native_async_lifetime_contracts.py::test_tcgen_transfer_requires_the_directional_wait[2-write_read-error]	pins legacy internals (payload keys / native engine / journal parity)	W9: retire or port
tests/analysis_tools/racecheck/test_native_async_lifetime_contracts.py::test_tcgen_transfer_requires_the_directional_wait[4-write_write-error]	pins legacy internals (payload keys / native engine / journal parity)	W9: retire or port
tests/analysis_tools/racecheck/test_native_async_lifetime_contracts.py::test_tcgen_directional_wait_drains_prior_work[1]	pins legacy internals (payload keys / native engine / journal parity)	W9: retire or port
tests/analysis_tools/racecheck/test_native_async_lifetime_contracts.py::test_tcgen_directional_wait_drains_prior_work[3]	pins legacy internals (payload keys / native engine / journal parity)	W9: retire or port
tests/analysis_tools/racecheck/test_native_async_lifetime_contracts.py::test_tcgen_waits_do_not_mask_missing_cross_warpgroup_ordering	pins legacy internals (payload keys / native engine / journal parity)	W9: retire or port
tests/analysis_tools/racecheck/test_native_async_lifetime_contracts.py::test_tcgen_completion_without_a_post_completion_proxy_fence_reports_reuse_race	pins legacy internals (payload keys / native engine / journal parity)	W9: retire or port
tests/analysis_tools/racecheck/test_native_async_lifetime_contracts.py::test_tcgen_post_completion_proxy_fence_orders_generic_shared_reuse	pins legacy internals (payload keys / native engine / journal parity)	W9: retire or port
tests/analysis_tools/racecheck/test_native_async_lifetime_contracts.py::test_tma_store_source_lifetime_uses_fifo_groups[0-0-1-False]	pins legacy internals (payload keys / native engine / journal parity)	W9: retire or port
tests/analysis_tools/racecheck/test_native_async_lifetime_contracts.py::test_tma_store_source_lifetime_uses_fifo_groups[0-1-0-False]	pins legacy internals (payload keys / native engine / journal parity)	W9: retire or port
tests/analysis_tools/racecheck/test_native_async_lifetime_contracts.py::test_tma_store_source_lifetime_uses_fifo_groups[0-1-1-True]	pins legacy internals (payload keys / native engine / journal parity)	W9: retire or port
tests/analysis_tools/racecheck/test_native_async_lifetime_contracts.py::test_tma_store_source_lifetime_uses_fifo_groups[1-1-0-False]	pins legacy internals (payload keys / native engine / journal parity)	W9: retire or port
tests/analysis_tools/racecheck/test_native_async_lifetime_contracts.py::test_tma_store_source_lifetime_uses_fifo_groups[1-2-0-True]	pins legacy internals (payload keys / native engine / journal parity)	W9: retire or port
tests/analysis_tools/racecheck/test_native_async_lifetime_contracts.py::test_tma_store_source_lifetime_uses_fifo_groups[2-2-0-False]	pins legacy internals (payload keys / native engine / journal parity)	W9: retire or port
tests/analysis_tools/racecheck/test_native_async_lifetime_contracts.py::test_tma_store_source_lifetime_uses_fifo_groups[2-2-1-True]	pins legacy internals (payload keys / native engine / journal parity)	W9: retire or port
tests/analysis_tools/racecheck/test_native_async_lifetime_contracts.py::test_tma_store_source_lifetime_uses_fifo_groups[2-2-2-True]	pins legacy internals (payload keys / native engine / journal parity)	W9: retire or port
tests/analysis_tools/racecheck/test_native_async_lifetime_contracts.py::test_tma_store_source_lifetime_uses_fifo_groups[3-0-0-True]	pins legacy internals (payload keys / native engine / journal parity)	W9: retire or port
tests/analysis_tools/racecheck/test_native_async_lifetime_contracts.py::test_tma_store_wait_does_not_mask_missing_cross_warp_ordering	pins legacy internals (payload keys / native engine / journal parity)	W9: retire or port
tests/analysis_tools/racecheck/test_native_async_lifetime_contracts.py::test_uncommitted_tma_store_still_owns_its_source_until_kernel_exit[no-reuse]	pins legacy internals (payload keys / native engine / journal parity)	W9: retire or port
tests/analysis_tools/racecheck/test_native_async_lifetime_contracts.py::test_uncommitted_tma_store_still_owns_its_source_until_kernel_exit[premature-reuse]	pins legacy internals (payload keys / native engine / journal parity)	W9: retire or port
tests/analysis_tools/racecheck/test_native_async_lifetime_contracts.py::test_classic_cp_async_keeps_exact_lane_accesses_live_until_wait[0-global]	pins legacy internals (payload keys / native engine / journal parity)	W9: retire or port
tests/analysis_tools/racecheck/test_native_async_lifetime_contracts.py::test_classic_cp_async_keeps_exact_lane_accesses_live_until_wait[2-shared]	pins legacy internals (payload keys / native engine / journal parity)	W9: retire or port
tests/analysis_tools/racecheck/test_native_async_lifetime_contracts.py::test_classic_cp_async_wait_group_completes_source_and_destination_accesses[1]	pins legacy internals (payload keys / native engine / journal parity)	W9: retire or port
tests/analysis_tools/racecheck/test_native_async_lifetime_contracts.py::test_classic_cp_async_wait_group_completes_source_and_destination_accesses[3]	pins legacy internals (payload keys / native engine / journal parity)	W9: retire or port
tests/analysis_tools/racecheck/test_native_async_lifetime_contracts.py::test_classic_cp_async_inherits_prior_issuing_lane_clock	pins legacy internals (payload keys / native engine / journal parity)	W9: retire or port
tests/analysis_tools/racecheck/test_native_async_lifetime_contracts.py::test_classic_cp_async_cross_warp_source_race_reports_missing_ordering	pins legacy internals (payload keys / native engine / journal parity)	W9: retire or port
tests/analysis_tools/racecheck/test_native_exact_oob.py::test_native_racecheck_and_synccheck_scope_typed_lane_predicate_oob	pins legacy internals (payload keys / native engine / journal parity)	W9: retire or port
tests/analysis_tools/racecheck/test_native_exact_oob.py::test_public_native_synccheck_executes_numeric_loop_address_relay	pins legacy internals (payload keys / native engine / journal parity)	W9: retire or port
tests/analysis_tools/racecheck/test_native_global_access_count.py::test_global_accesses_are_counted_without_the_access_journal[write]	pins legacy internals (payload keys / native engine / journal parity)	W9: retire or port
tests/analysis_tools/racecheck/test_native_global_access_count.py::test_global_accesses_are_counted_without_the_access_journal[read_write]	pins legacy internals (payload keys / native engine / journal parity)	W9: retire or port
tests/analysis_tools/racecheck/test_native_global_access_count.py::test_global_accesses_are_counted_without_the_access_journal[atomic_rmw]	pins legacy internals (payload keys / native engine / journal parity)	W9: retire or port
tests/analysis_tools/racecheck/test_native_global_access_count.py::test_repeated_read_access_count_parity	pins legacy internals (payload keys / native engine / journal parity)	W9: retire or port
tests/analysis_tools/racecheck/test_native_global_access_count.py::test_async_tile_copy_access_count_parity	pins legacy internals (payload keys / native engine / journal parity)	W9: retire or port
tests/analysis_tools/racecheck/test_native_global_scoped_hb.py::test_scoped_global_missing_edge_or_misplaced_fence_reports_data_race[1-0]	pins legacy internals (payload keys / native engine / journal parity)	W9: retire or port
tests/analysis_tools/racecheck/test_native_global_scoped_hb.py::test_access_journal_retains_exact_scoped_metadata	pins legacy internals (payload keys / native engine / journal parity)	W9: retire or port
tests/analysis_tools/racecheck/test_native_global_scoped_hb.py::test_access_journal_preserves_memory_semantic_variants[2-relaxed-gpu-atomic]	pins legacy internals (payload keys / native engine / journal parity)	W9: retire or port
tests/analysis_tools/racecheck/test_native_global_scoped_hb.py::test_access_journal_preserves_memory_semantic_variants[3-release-gpu-atomic]	pins legacy internals (payload keys / native engine / journal parity)	W9: retire or port
tests/analysis_tools/racecheck/test_native_global_scoped_hb.py::test_access_journal_preserves_memory_semantic_variants[4-weak-None-plain]	pins legacy internals (payload keys / native engine / journal parity)	W9: retire or port
tests/analysis_tools/racecheck/test_native_global_scoped_hb.py::test_access_journal_preserves_memory_semantic_variants[5-relaxed-sys-atomic]	pins legacy internals (payload keys / native engine / journal parity)	W9: retire or port
tests/analysis_tools/racecheck/test_native_global_scoped_hb_matrix.py::test_rmw_release_sequence_and_morally_strong_rules[2-error]	verdict differs: v2 right (delta)	R4
tests/analysis_tools/racecheck/test_native_global_scoped_hb_matrix.py::test_million_failed_polls_keep_the_online_report_bounded	pins legacy internals (payload keys / native engine / journal parity)	W9: retire or port
tests/analysis_tools/racecheck/test_native_global_write_seed.py::test_loop_carried_selected_pointer_preserves_compact_alias_races[none-0]	pins legacy internals (payload keys / native engine / journal parity)	W9: retire or port
tests/analysis_tools/racecheck/test_native_global_write_seed.py::test_loop_carried_selected_pointer_preserves_compact_alias_races[none-1]	pins legacy internals (payload keys / native engine / journal parity)	W9: retire or port
tests/analysis_tools/racecheck/test_native_global_write_seed.py::test_loop_carried_selected_pointer_preserves_compact_alias_races[selected-0]	pins legacy internals (payload keys / native engine / journal parity)	W9: retire or port
tests/analysis_tools/racecheck/test_native_global_write_seed.py::test_loop_carried_selected_pointer_preserves_compact_alias_races[selected-1]	pins legacy internals (payload keys / native engine / journal parity)	W9: retire or port
tests/analysis_tools/racecheck/test_native_global_write_seed.py::test_loop_carried_selected_pointer_preserves_compact_alias_races[unselected-0]	pins legacy internals (payload keys / native engine / journal parity)	W9: retire or port
tests/analysis_tools/racecheck/test_native_global_write_seed.py::test_loop_carried_selected_pointer_preserves_compact_alias_races[unselected-1]	pins legacy internals (payload keys / native engine / journal parity)	W9: retire or port
tests/analysis_tools/racecheck/test_native_global_write_seed.py::test_unknown_register_overwrite_keeps_read_before_write_race[clobbered_pointer_write]	pins legacy internals (payload keys / native engine / journal parity)	W9: retire or port
tests/analysis_tools/racecheck/test_native_global_write_seed.py::test_unknown_register_overwrite_keeps_read_before_write_race[copied_pointer_write]	pins legacy internals (payload keys / native engine / journal parity)	W9: retire or port
tests/analysis_tools/racecheck/test_native_global_write_seed.py::test_tensor_map_initial_and_replaced_bases_keep_compact_alias_races[False-False]	pins legacy internals (payload keys / native engine / journal parity)	W9: retire or port
tests/analysis_tools/racecheck/test_native_global_write_seed.py::test_tensor_map_initial_and_replaced_bases_keep_compact_alias_races[False-True]	pins legacy internals (payload keys / native engine / journal parity)	W9: retire or port
tests/analysis_tools/racecheck/test_native_global_write_seed.py::test_tensor_map_initial_and_replaced_bases_keep_compact_alias_races[True-False]	pins legacy internals (payload keys / native engine / journal parity)	W9: retire or port
tests/analysis_tools/racecheck/test_native_global_write_seed.py::test_tensor_map_initial_and_replaced_bases_keep_compact_alias_races[True-True]	pins legacy internals (payload keys / native engine / journal parity)	W9: retire or port
tests/analysis_tools/racecheck/test_native_global_write_seed.py::test_discard_is_a_write_for_compact_alias_races[False]	infra: hang (>600 s, native; not finished)	-
tests/analysis_tools/racecheck/test_native_global_write_seed.py::test_discard_is_a_write_for_compact_alias_races[True]	pins legacy internals (payload keys / native engine / journal parity)	W9: retire or port
tests/analysis_tools/racecheck/test_native_global_write_seed.py::test_raw_offset_escaping_seed_restarts_from_original_inputs[False-False]	pins legacy internals (payload keys / native engine / journal parity)	W9: retire or port
tests/analysis_tools/racecheck/test_native_global_write_seed.py::test_raw_offset_escaping_seed_restarts_from_original_inputs[False-True]	pins legacy internals (payload keys / native engine / journal parity)	W9: retire or port
tests/analysis_tools/racecheck/test_native_global_write_seed.py::test_raw_offset_escaping_seed_restarts_from_original_inputs[True-False]	pins legacy internals (payload keys / native engine / journal parity)	W9: retire or port
tests/analysis_tools/racecheck/test_native_global_write_seed.py::test_raw_offset_escaping_seed_restarts_from_original_inputs[True-True]	pins legacy internals (payload keys / native engine / journal parity)	W9: retire or port
tests/analysis_tools/racecheck/test_native_kernel_contracts.py::test_local_scalar_indices_preserve_strided_race_and_nested_clean_case	pins legacy internals (payload keys / native engine / journal parity)	W9: retire or port
tests/analysis_tools/racecheck/test_native_kernel_contracts.py::test_racecheck_accepts_conditional_tmem_lifecycles	pins legacy internals (payload keys / native engine / journal parity)	W9: retire or port
tests/analysis_tools/racecheck/test_native_kernel_contracts.py::test_racecheck_executes_non_int32_local_storage	pins legacy internals (payload keys / native engine / journal parity)	W9: retire or port
tests/analysis_tools/racecheck/test_native_kernel_contracts.py::test_race_report_prints_both_conflicting_source_operations	message text (report format)	W8 (report.format)
tests/analysis_tools/racecheck/test_native_matrix_collective_sync.py::test_ldmatrix_mandatory_sync_orders_provider_lane_writes	pins legacy internals (payload keys / native engine / journal parity)	W9: retire or port
tests/analysis_tools/racecheck/test_native_matrix_collective_sync.py::test_stmatrix_mandatory_sync_orders_consumer_lane_reads	pins legacy internals (payload keys / native engine / journal parity)	W9: retire or port
tests/analysis_tools/racecheck/test_native_public_api.py::test_public_checker_signatures_are_kernel_and_inputs	pins legacy internals (payload keys / native engine / journal parity)	W9: retire or port
tests/analysis_tools/racecheck/test_native_public_api.py::test_public_interface_executes_native	pins legacy internals (payload keys / native engine / journal parity)	W9: retire or port
tests/analysis_tools/racecheck/test_native_public_api.py::test_public_synccheck_interface_executes_native	pins legacy internals (payload keys / native engine / journal parity)	W9: retire or port
tests/analysis_tools/racecheck/test_native_public_api.py::test_public_checkers_reject_descriptor_storage_for_scalar[synccheck]	verdict differs: v2 wrong (API crash on descriptor storage for scalar)	W8 (v2 public API)
tests/analysis_tools/racecheck/test_native_public_api.py::test_public_checkers_reject_descriptor_storage_for_scalar[racecheck]	verdict differs: v2 wrong (API crash on descriptor storage for scalar)	W8 (v2 public API)
tests/analysis_tools/racecheck/test_native_public_api.py::test_report_scope_line_matches_checked_spaces	message text (report format)	W8 (report.format)
tests/analysis_tools/racecheck/test_native_racecheck_arrive_snapshot.py::test_public_native_racecheck_late_wait_acquires_only_arrive_snapshot	pins legacy internals (payload keys / native engine / journal parity)	W9: retire or port
tests/analysis_tools/racecheck/test_native_racecheck_arrive_snapshot.py::test_public_native_racecheck_blocked_wait_acquires_only_arrive_snapshot	pins legacy internals (payload keys / native engine / journal parity)	W9: retire or port
tests/analysis_tools/racecheck/test_native_racecheck_artifact.py::test_native_racecheck_reports_exact_cross_warp_shared_write_race	pins legacy internals (payload keys / native engine / journal parity)	W9: retire or port
tests/analysis_tools/racecheck/test_native_racecheck_artifact.py::test_native_racecheck_ignores_fully_predicated_shared_pointer_load	pins legacy internals (payload keys / native engine / journal parity)	W9: retire or port
tests/analysis_tools/racecheck/test_native_racecheck_artifact.py::test_native_racecheck_observes_shared_load_hidden_in_tile_region_index	pins legacy internals (payload keys / native engine / journal parity)	W9: retire or port
tests/analysis_tools/racecheck/test_native_racecheck_artifact.py::test_native_racecheck_oob_is_exact_error_or_clean_from_concrete_mask	pins legacy internals (payload keys / native engine / journal parity)	W9: retire or port
tests/analysis_tools/racecheck/test_native_racecheck_artifact.py::test_native_racecheck_raw_bulk_uses_the_concrete_active_issuer_lane	pins legacy internals (payload keys / native engine / journal parity)	W9: retire or port
tests/analysis_tools/racecheck/test_native_racecheck_artifact.py::test_native_racecheck_raw_bulk_rejects_a_true_async_write_race	pins legacy internals (payload keys / native engine / journal parity)	W9: retire or port
tests/analysis_tools/racecheck/test_native_racecheck_artifact.py::test_native_racecheck_typed_tma_multicast_records_each_target_allocation	pins legacy internals (payload keys / native engine / journal parity)	W9: retire or port
tests/analysis_tools/racecheck/test_native_racecheck_artifact.py::test_native_racecheck_raw_tma_records_exact_global_and_shared_payload	pins legacy internals (payload keys / native engine / journal parity)	W9: retire or port
tests/analysis_tools/racecheck/test_native_racecheck_artifact.py::test_native_racecheck_mbarrier_release_acquire_orders_shared_access	pins legacy internals (payload keys / native engine / journal parity)	W9: retire or port
tests/analysis_tools/racecheck/test_native_racecheck_artifact.py::test_native_racecheck_subset_is_typed_incomplete	pins legacy internals (API: cta_ids subset)	W8 API note
tests/analysis_tools/racecheck/test_native_racecheck_artifact.py::test_native_racecheck_runs_clusters_in_parallel_with_stable_direct_payload	pins legacy internals (payload keys / native engine / journal parity)	W9: retire or port
tests/analysis_tools/racecheck/test_native_racecheck_artifact.py::test_native_racecheck_reports_cross_cluster_global_waw_independent_of_workers	pins legacy internals (payload keys / native engine / journal parity)	W9: retire or port
tests/analysis_tools/racecheck/test_native_racecheck_artifact.py::test_native_racecheck_reports_same_cluster_global_waw	pins legacy internals (payload keys / native engine / journal parity)	W9: retire or port
tests/analysis_tools/racecheck/test_native_racecheck_exact_control.py::test_public_native_racecheck_executes_lane_varying_dynamic_for_exactly	pins legacy internals (payload keys / native engine / journal parity)	W9: retire or port
tests/analysis_tools/racecheck/test_native_racecheck_exact_control.py::test_public_native_racecheck_executes_lane_varying_dynamic_while_exactly	pins legacy internals (payload keys / native engine / journal parity)	W9: retire or port
tests/analysis_tools/racecheck/test_native_racecheck_exact_control.py::test_public_native_racecheck_preserves_tile_address_local_scalars	pins legacy internals (payload keys / native engine / journal parity)	W9: retire or port
tests/analysis_tools/racecheck/test_native_racecheck_tmem_arrive_snapshot.py::test_public_native_tmem_post_arrive_load_races_with_late_consumer_store	pins legacy internals (payload keys / native engine / journal parity)	W9: retire or port
tests/analysis_tools/racecheck/test_native_racecheck_tmem_arrive_snapshot.py::test_public_native_tmem_post_arrive_load_races_with_preblocked_consumer_store	pins legacy internals (payload keys / native engine / journal parity)	W9: retire or port
tests/analysis_tools/racecheck/test_native_shared_publication.py::test_shared_frontier_relay[warp]	verdict differs: v2 right (delta)	R3/R9 (undeclared_protocol_word review)
tests/analysis_tools/racecheck/test_native_shared_publication.py::test_shared_frontier_relay[partial_warp]	pins legacy internals (payload keys / native engine / journal parity)	W9: retire or port
tests/analysis_tools/racecheck/test_native_shared_publication.py::test_shared_frontier_relay[named]	verdict differs: v2 right (delta)	R3/R9 (undeclared_protocol_word review)
tests/analysis_tools/racecheck/test_native_shared_publication.py::test_shared_frontier_relay[release]	verdict differs: v2 right (delta)	T18
tests/analysis_tools/racecheck/test_native_shared_publication.py::test_shared_frontier_relay[relaxed]	pins legacy internals (payload keys / native engine / journal parity)	W9: retire or port
tests/analysis_tools/racecheck/test_native_shared_publication.py::test_shared_async_handoff[producer]	verdict differs: v2 right (delta)	R3/R9 (undeclared_protocol_word review)
tests/analysis_tools/racecheck/test_native_shared_publication.py::test_shared_async_handoff[consumer]	verdict differs: v2 right (delta)	R3/R9 (undeclared_protocol_word review)
tests/analysis_tools/racecheck/test_native_shared_publication.py::test_shared_async_handoff[early_producer]	pins legacy internals (payload keys / native engine / journal parity)	W9: retire or port
tests/analysis_tools/racecheck/test_native_shared_publication.py::test_shared_async_handoff[early_consumer]	pins legacy internals (payload keys / native engine / journal parity)	W9: retire or port
tests/analysis_tools/racecheck/test_native_shared_publication.py::test_sc_causality_and_lane_controls[global]	verdict differs: v2 wrong (lowering: bare fence.cta lowered as .sc, PTX default .acq_rel)	W5-16 (W1)
tests/analysis_tools/racecheck/test_native_shared_publication.py::test_sc_causality_and_lane_controls[shared]	verdict differs: v2 wrong (lowering: bare fence.cta lowered as .sc, PTX default .acq_rel)	W5-16 (W1)
tests/analysis_tools/racecheck/test_signal_diagnostics.py::test_raw_spin_missing_hb_reports_race_with_conditional_wait_hint	verdict differs: v2 right (delta)	R3/R9 (undeclared_protocol_word review)
tests/analysis_tools/racecheck/test_signal_diagnostics.py::test_hb_ordered_raw_spin_does_not_need_a_wait_declaration	pins legacy internals (payload keys / native engine / journal parity)	W9: retire or port
tests/analysis_tools/racecheck/test_signal_diagnostics.py::test_wait_without_any_possible_publisher_is_a_sync_deadlock[synccheck]	verdict differs: v2 right (delta)	divergent_block incomplete (W2-20 delta)
tests/analysis_tools/racecheck/test_signal_diagnostics.py::test_wait_without_any_possible_publisher_is_a_sync_deadlock[racecheck]	verdict differs: v2 right (delta)	divergent_block incomplete (W2-20 delta)
tests/analysis_tools/racecheck/wiki/test_wiki_racecheck.py::test_wiki_kernel_matches_racecheck_contract[fp16_bf16_gemm__fp16_m256_n2048_k64_full]	verdict differs: v2 right (delta)	B7
tests/analysis_tools/racecheck/wiki/test_wiki_racecheck.py::test_wiki_kernel_matches_racecheck_contract[fp16_bf16_gemm__bf16_m256_n2048_k64_full]	verdict differs: v2 right (delta)	B7
tests/analysis_tools/racecheck/wiki/test_wiki_racecheck.py::test_wiki_kernel_matches_racecheck_contract[deepgemm_sm100_fp8_gemm_1d1d__swap_ab_m16_n256_k512]	verdict differs: v2 wrong? (open: wiki shapes, effect_commit_unobserved / data races)	W5 open
tests/analysis_tools/racecheck/wiki/test_wiki_racecheck.py::test_wiki_kernel_matches_racecheck_contract[deepgemm_sm100_fp8_gemm_1d1d__direct_ab_m512_n608_k512]	verdict differs: v2 wrong? (open: wiki shapes, effect_commit_unobserved / data races)	W5 open
tests/analysis_tools/racecheck/wiki/test_wiki_racecheck.py::test_wiki_kernel_matches_racecheck_contract[nvfp4_gemm__full_nvfp4_m256_n256_k256]	verdict differs: v2 right (delta)	B7
tests/analysis_tools/racecheck/wiki/test_wiki_racecheck.py::test_wiki_kernel_matches_racecheck_contract[flash_attention4__s256_mha_noncausal]	pins legacy internals (payload keys / native engine / journal parity)	W9: retire or port
tests/analysis_tools/racecheck/wiki/test_wiki_racecheck.py::test_wiki_kernel_matches_racecheck_contract[flash_attention4__s256_mha_causal]	pins legacy internals (payload keys / native engine / journal parity)	W9: retire or port
tests/analysis_tools/racecheck/wiki/test_wiki_racecheck.py::test_wiki_kernel_matches_racecheck_contract[flash_attention4__s256_gqa2_noncausal]	pins legacy internals (payload keys / native engine / journal parity)	W9: retire or port
tests/analysis_tools/racecheck/wiki/test_wiki_racecheck.py::test_wiki_kernel_matches_racecheck_contract[flash_attention4__s256_gqa2_causal]	pins legacy internals (payload keys / native engine / journal parity)	W9: retire or port
tests/analysis_tools/racecheck/wiki/test_wiki_racecheck.py::test_wiki_kernel_matches_racecheck_contract[flash_attention4__s256_gqa4_noncausal]	pins legacy internals (payload keys / native engine / journal parity)	W9: retire or port
tests/analysis_tools/racecheck/wiki/test_wiki_racecheck.py::test_wiki_kernel_matches_racecheck_contract[flash_attention4__s256_gqa4_causal]	pins legacy internals (payload keys / native engine / journal parity)	W9: retire or port
tests/analysis_tools/racecheck/wiki/test_wiki_racecheck.py::test_wiki_kernel_matches_racecheck_contract[flash_attention4__s256_gqa8_noncausal]	pins legacy internals (payload keys / native engine / journal parity)	W9: retire or port
tests/analysis_tools/racecheck/wiki/test_wiki_racecheck.py::test_wiki_kernel_matches_racecheck_contract[flash_attention4__s256_gqa8_causal]	pins legacy internals (payload keys / native engine / journal parity)	W9: retire or port
tests/analysis_tools/racecheck/wiki/test_wiki_racecheck.py::test_wiki_kernel_matches_racecheck_contract[flash_attention4__s384_mha_noncausal]	pins legacy internals (payload keys / native engine / journal parity)	W9: retire or port
tests/analysis_tools/racecheck/wiki/test_wiki_racecheck.py::test_wiki_kernel_matches_racecheck_contract[flash_attention4__s384_mha_causal]	pins legacy internals (payload keys / native engine / journal parity)	W9: retire or port
tests/analysis_tools/racecheck/wiki/test_wiki_racecheck.py::test_wiki_kernel_matches_racecheck_contract[flash_attention4__s384_gqa8_noncausal]	pins legacy internals (payload keys / native engine / journal parity)	W9: retire or port
tests/analysis_tools/racecheck/wiki/test_wiki_racecheck.py::test_wiki_kernel_matches_racecheck_contract[flash_attention4__s384_gqa8_causal]	pins legacy internals (payload keys / native engine / journal parity)	W9: retire or port
tests/analysis_tools/racecheck/wiki/test_wiki_racecheck.py::test_wiki_kernel_matches_racecheck_contract[flash_attention_backward_sm100__s256_mha_noncausal]	verdict differs: v2 right (delta)	B7
tests/analysis_tools/racecheck/wiki/test_wiki_racecheck.py::test_wiki_kernel_matches_racecheck_contract[flash_attention_backward_sm100__s256_h2_persistent_reuse]	verdict differs: v2 right (delta)	B7
tests/analysis_tools/racecheck/wiki/test_wiki_racecheck.py::test_wiki_kernel_matches_racecheck_contract[deepgemm_fp4_mqa__s32_skv256_h64_d128_f32_dense_nocp]	pins legacy internals (payload keys / native engine / journal parity)	W9: retire or port
tests/analysis_tools/racecheck/wiki/test_wiki_racecheck.py::test_wiki_kernel_matches_racecheck_contract[deepgemm_fp4_mqa__s32_skv256_h64_d128_bf16_compressed_nocp]	pins legacy internals (payload keys / native engine / journal parity)	W9: retire or port
tests/analysis_tools/racecheck/wiki/test_wiki_racecheck.py::test_wiki_kernel_matches_racecheck_contract[deepgemm_fp4_mqa__s32_skv256_h64_d128_f32_compressed_cp]	pins legacy internals (payload keys / native engine / journal parity)	W9: retire or port
tests/analysis_tools/racecheck/wiki/test_wiki_racecheck.py::test_wiki_kernel_matches_racecheck_contract[deepgemm_fp4_mqa__s32_skv256_h64_d128_f32_dense_cp]	pins legacy internals (payload keys / native engine / journal parity)	W9: retire or port
tests/analysis_tools/racecheck/wiki/test_wiki_racecheck.py::test_wiki_kernel_matches_racecheck_contract[deepgemm_fp8_mqa__s32_skv256_h64_d128_f32_dense_nocp]	pins legacy internals (payload keys / native engine / journal parity)	W9: retire or port
tests/analysis_tools/racecheck/wiki/test_wiki_racecheck.py::test_wiki_kernel_matches_racecheck_contract[deepgemm_fp8_mqa__s32_skv256_h64_d128_bf16_compressed_nocp]	pins legacy internals (payload keys / native engine / journal parity)	W9: retire or port
tests/analysis_tools/racecheck/wiki/test_wiki_racecheck.py::test_wiki_kernel_matches_racecheck_contract[deepgemm_fp8_mqa__s32_skv256_h64_d128_f32_compressed_cp]	pins legacy internals (payload keys / native engine / journal parity)	W9: retire or port
tests/analysis_tools/racecheck/wiki/test_wiki_racecheck.py::test_wiki_kernel_matches_racecheck_contract[deepgemm_fp8_mqa__s32_skv256_h64_d128_f32_dense_cp]	pins legacy internals (payload keys / native engine / journal parity)	W9: retire or port
tests/analysis_tools/racecheck/wiki/test_wiki_racecheck.py::test_wiki_kernel_matches_racecheck_contract[deepgemm_tf32_hc__m13_n24_k128_s1]	pins legacy internals (payload keys / native engine / journal parity)	W9: retire or port
tests/analysis_tools/racecheck/wiki/test_wiki_racecheck.py::test_wiki_kernel_matches_racecheck_contract[deepgemm_tf32_hc__m13_n24_k2048_s16]	pins legacy internals (payload keys / native engine / journal parity)	W9: retire or port
tests/analysis_tools/racecheck/wiki/test_wiki_racecheck.py::test_wiki_kernel_matches_racecheck_contract[deepgemm_tf32_hc__m65_n24_k512_s4]	pins legacy internals (payload keys / native engine / journal parity)	W9: retire or port
