legacy_test	status	rust_tests	note
tests/analysis_tools/racecheck/corpus/test_canonical_kernels_racecheck.py::test_native_racecheck_validates_canonical_kernel	not_b:A		canonical corpus kernels -> conformance snapshots
tests/analysis_tools/racecheck/corpus/test_canonical_kernels_racecheck.py::test_native_racecheck_validates_flashmla_small_topk_task_steal	not_b:A		real FlashMLA corpus kernel
tests/analysis_tools/racecheck/corpus/test_canonical_kernels_racecheck.py::test_real_mega_moe_racecheck_completes_within_performance_budget	not_b:A		real mega-MoE kernel; timing budget + alias counts (perf)
tests/analysis_tools/racecheck/test_bulk_reduction_widths.py::test_bulk_reduction_element_width_and_boundary	ported	racecheck_legacy_ports.rs::g5_bulk_reduction_element_width_and_boundary	all 8 (f16|u64 x matching|overlapping|inside|outside); async reduction leg modelled as atomic relaxed.gpu async-proxy RMW with one span per PTX element; mixed-size = delta R1
tests/analysis_tools/racecheck/test_declared_word_regressions.py::test_a_declared_wait_merges_its_tcgen_frontier_without_deadlocking	not_b:C	racecheck_tcgen.rs::cp_to_mma_handoff_needs_both_fences	wall-clock guard against legacy shard-lock self-deadlock; the frontier semantics (relaxed_flag handoff) is covered by the named Rust test
tests/analysis_tools/racecheck/test_declared_word_regressions.py::test_a_declared_wait_takes_the_edge_against_a_releasing_store	covered	racecheck_declared_word.rs::publication_kinds	st.release + wait clean
tests/analysis_tools/racecheck/test_declared_word_regressions.py::test_a_first_lap_ring_credit_wait_is_explained	ported	racecheck_legacy_ports.rs::g2_first_lap_ring_credit_wait_is_explained	launch value accepted with a concurrent red.release writer (W2)
tests/analysis_tools/racecheck/test_declared_word_regressions.py::test_a_generic_payload_behind_the_same_wait_is_clean	covered	racecheck_declared_word.rs::publication_kinds	generic payload + st.release + wait clean
tests/analysis_tools/racecheck/test_declared_word_regressions.py::test_a_host_initialized_value_explains_the_wait	covered	racecheck_declared_word.rs::launch_value_exit_owes_no_edge	W2
tests/analysis_tools/racecheck/test_declared_word_regressions.py::test_a_later_lap_ring_credit_wait_still_needs_its_publication	ported	racecheck_legacy_ports.rs::g2_later_lap_ring_credit_wait_is_published_by_red_release	
tests/analysis_tools/racecheck/test_declared_word_regressions.py::test_a_morally_strong_pair_is_exempt_unless_one_side_is_a_plain_read	covered	racecheck_declared_word.rs::morally_strong_store_and_rmw_are_exempt	
tests/analysis_tools/racecheck/test_declared_word_regressions.py::test_a_phase_flip_predicate_takes_the_edge_of_the_arrival_that_flipped_it	covered	racecheck_declared_word.rs::phase_flip_predicate	
tests/analysis_tools/racecheck/test_declared_word_regressions.py::test_a_publication_a_wait_can_poll_is_clean	ported	racecheck_legacy_ports.rs::g2_publication_a_wait_can_poll_is_clean	
tests/analysis_tools/racecheck/test_declared_word_regressions.py::test_a_publication_too_wide_to_poll_fails_closed	ported	racecheck_legacy_ports.rs::g2_publication_too_wide_to_poll_fails_closed	#[ignore] undocumented divergence: new core accepts the v4.b32 release via the verdict bitset (clean), legacy and racecheck-semantics.md s5 say incomplete
tests/analysis_tools/racecheck/test_declared_word_regressions.py::test_a_publication_whose_scope_reaches_the_waiter_is_clean	covered	racecheck_declared_word.rs::scope_reaches_or_stops_short	
tests/analysis_tools/racecheck/test_declared_word_regressions.py::test_a_publication_whose_scope_stops_short_of_the_waiter_is_reported	covered	racecheck_declared_word.rs::scope_reaches_or_stops_short	asserts ScopeMismatch + write_read
tests/analysis_tools/racecheck/test_declared_word_regressions.py::test_a_relaxed_publication_leaves_the_payload_unordered	covered	racecheck_declared_word.rs::publication_kinds	relaxed publish -> write_read on payload
tests/analysis_tools/racecheck/test_declared_word_regressions.py::test_a_relaxed_store_composes_into_a_release_with_a_preceding_fence	covered	racecheck_declared_word.rs::publication_kinds	fence + st.relaxed clean
tests/analysis_tools/racecheck/test_declared_word_regressions.py::test_a_wait_does_not_bridge_the_async_proxy	ported	racecheck_legacy_ports.rs::g2_wait_does_not_bridge_the_async_proxy;racecheck_declared_word.rs::wait_does_not_bridge_unfinished_async_store	existing test lacked the missing_proxy_bridge failure assertion
tests/analysis_tools/racecheck/test_declared_word_regressions.py::test_raw_protocol_reports_only_the_proven_payload_race	ported	racecheck_legacy_ports.rs::g2_raw_protocol_reports_only_the_proven_payload_race	delta R3: new also emits review UndeclaredProtocolWord for the strong flag pair
tests/analysis_tools/racecheck/test_declared_word_regressions.py::test_two_waits_on_one_word_never_conflict_with_each_other	covered	racecheck_declared_word.rs::two_waiters_reader_reader_is_no_conflict	legacy publishes with red.release, Rust with atom.release (same release head)
tests/analysis_tools/racecheck/test_declared_word_shapes.py::test_declared_word_shape_gets_the_verdict_it_earns	ported	racecheck_legacy_ports.rs::g2_shape_payload_in_the_polled_word;racecheck_legacy_ports.rs::g2_shape_payload_in_a_separate_buffer;racecheck_legacy_ports.rs::g2_shape_read_once_no_retry;racecheck_legacy_ports.rs::g2_shape_non_unique_exit_value;racecheck_legacy_ports.rs::g2_shape_concurrent_writes_then_read;racecheck_legacy_ports.rs::g2_shape_atomic_add_then_barrier_read;racecheck_legacy_ports.rs::g2_shape_atomic_ticket_order;racecheck_legacy_ports.rs::g2_shape_raw_shared_cluster_poll	all 9 params; read_once_no_retry and raw_shared_cluster_poll follow delta R3 (exempt + review UndeclaredProtocolWord instead of error/clean); float and integer accumulator identical at contract level
tests/analysis_tools/racecheck/test_native_alias_advisory.py::test_native_advisory_keeps_error_incomplete_review_precedence	not_b:C		Python RaceReport.from_native verdict precedence (payload plumbing)
tests/analysis_tools/racecheck/test_native_alias_advisory.py::test_public_native_explicit_view_keeps_one_logical_identity	v2_kernel_test	tests/numsim/v2/checkers/test_alias_advisory.py::test_explicit_view_keeps_one_logical_identity	view/rearrange provenance is lowering; only legacy failure mode was alias_stale_read (absent in new core)
tests/analysis_tools/racecheck/test_native_alias_advisory.py::test_public_native_full_extent_tmem_subview_keeps_one_logical_identity	v2_kernel_test	tests/numsim/v2/checkers/test_alias_advisory.py::test_full_extent_tmem_subview_keeps_one_logical_identity	TMEM sub-view lowering; only legacy failure mode alias_stale_read
tests/analysis_tools/racecheck/test_native_alias_advisory.py::test_public_native_non_stale_pool_alias_controls_are_clean	ported	racecheck_legacy_ports.rs::g4_pool_alias_same_lane_controls_clean	both params (read-writer-name, disjoint-lifetimes) as same-lane event sequences
tests/analysis_tools/racecheck/test_native_alias_advisory.py::test_public_native_partitioned_tmem_views_keep_one_logical_identity	v2_kernel_test	tests/numsim/v2/checkers/test_alias_advisory.py::test_partitioned_tmem_views_keep_one_logical_identity	TMEM sub-view lowering; only legacy failure mode alias_stale_read
tests/analysis_tools/racecheck/test_native_alias_advisory.py::test_public_native_reused_tmem_lifetime_remains_distinct	v2_kernel_test	tests/numsim/v2/checkers/test_alias_advisory.py::test_reused_tmem_lifetime_remains_distinct	expects alias_stale_read review for two decl_buffers at the same TMEM address; no logical identity in contract, no advisory in new core
tests/analysis_tools/racecheck/test_native_alias_advisory.py::test_public_native_stale_logical_name_read_is_review	v2_kernel_test	tests/numsim/v2/checkers/test_alias_advisory.py::test_stale_logical_name_read_is_review	alias_stale_read review advisory: contract Access carries no logical-buffer identity and the new core has no such advisory (no delta row)
tests/analysis_tools/racecheck/test_native_alias_advisory.py::test_public_native_tcgen_alloc_result_is_visible_to_every_lane	ported	racecheck_legacy_ports.rs::g4_tcgen_alloc_result_visible_to_every_lane	contract per racecheck-semantics.md sec.3 row 3 (tcgen05.alloc.sync.aligned = WarpSync). NOTE interp tcgen_alloc (handlers/tcgen.rs write_taddr) emits a lane-0 write and no WarpSync, so end-to-end this kernel would race
tests/analysis_tools/racecheck/test_native_alias_advisory.py::test_public_native_tmem_view_keeps_one_logical_identity	v2_kernel_test	tests/numsim/v2/checkers/test_alias_advisory.py::test_tmem_view_keeps_one_logical_identity	TMEM view lowering + numeric output check; only legacy failure mode alias_stale_read
tests/analysis_tools/racecheck/test_native_alias_advisory.py::test_raw_ptx_shared_address_retains_logical_alias_owner	v2_kernel_test	tests/numsim/v2/checkers/test_alias_advisory.py::test_raw_ptx_shared_address_retains_logical_alias_owner	alias_stale_read via raw ptx address provenance; same as above
tests/analysis_tools/racecheck/test_native_async_lifetime_contracts.py::test_classic_cp_async_cross_warp_source_race_reports_missing_ordering	covered	racecheck_async_copy.rs::cp_async_cross_warp_source_race	
tests/analysis_tools/racecheck/test_native_async_lifetime_contracts.py::test_classic_cp_async_inherits_prior_issuing_lane_clock	covered	racecheck_async_copy.rs::cp_async_after_prior_same_lane_write	
tests/analysis_tools/racecheck/test_native_async_lifetime_contracts.py::test_classic_cp_async_keeps_exact_lane_accesses_live_until_wait	covered	racecheck_async_copy.rs::classic_cp_async_lifetime	modes 0 (global), 2 (shared)
tests/analysis_tools/racecheck/test_native_async_lifetime_contracts.py::test_classic_cp_async_wait_group_completes_source_and_destination_accesses	ported	racecheck_legacy_ports.rs::g3_classic_cp_async_wait_then_source_write_is_clean;racecheck_async_copy.rs::classic_cp_async_lifetime	mode 1 (source write after wait) ported; mode 3 covered by cp_async(1)
tests/analysis_tools/racecheck/test_native_async_lifetime_contracts.py::test_tcgen_completion_without_a_post_completion_proxy_fence_reports_reuse_race	covered	racecheck_tcgen.rs::tcgen_copy_completion_vs_generic_reuse	X9
tests/analysis_tools/racecheck/test_native_async_lifetime_contracts.py::test_tcgen_directional_wait_drains_prior_work	covered	racecheck_tcgen.rs::tcgen_transfer_lifetime	modes 1, 3
tests/analysis_tools/racecheck/test_native_async_lifetime_contracts.py::test_tcgen_post_completion_proxy_fence_orders_generic_shared_reuse	covered	racecheck_tcgen.rs::tcgen_copy_completion_vs_generic_reuse	
tests/analysis_tools/racecheck/test_native_async_lifetime_contracts.py::test_tcgen_transfer_requires_the_directional_wait	covered	racecheck_tcgen.rs::tcgen_transfer_lifetime	modes 0 (review), 2, 4
tests/analysis_tools/racecheck/test_native_async_lifetime_contracts.py::test_tcgen_waits_do_not_mask_missing_cross_warpgroup_ordering	covered	racecheck_tcgen.rs::tcgen_waits_do_not_mask_cross_warpgroup_order	
tests/analysis_tools/racecheck/test_native_async_lifetime_contracts.py::test_tma_store_source_lifetime_uses_fifo_groups	ported	racecheck_legacy_ports.rs::g3_tma_store_fifo_shapes;racecheck_async_copy.rs::tma_store_fifo_groups	all 9 params at contract level (which ops get a read-side completion); FIFO group counting for empty and predicated-off commits is decided by the sync engine, not racecheck; write milestones completed at the end to avoid the P6 AsyncNeverCompleted incomplete
tests/analysis_tools/racecheck/test_native_async_lifetime_contracts.py::test_tma_store_wait_does_not_mask_missing_cross_warp_ordering	covered	racecheck_async_copy.rs::tma_store_cross_warp_race_after_wait	
tests/analysis_tools/racecheck/test_native_async_lifetime_contracts.py::test_uncommitted_tma_store_still_owns_its_source_until_kernel_exit	covered	racecheck_async_copy.rs::uncommitted_tma_store_owns_source	delta P6: legacy no-reuse arm is clean with no incomplete; new reports AsyncNeverCompleted incomplete
tests/analysis_tools/racecheck/test_native_atomic_semantics.py::test_public_native_racecheck_accepts_ptx_atom_cas	ported	racecheck_legacy_ports.rs::g5_atom_cas_after_barrier_is_clean	same-lane st, bar, atom.relaxed.cta.cas: clean
tests/analysis_tools/racecheck/test_native_atomic_semantics.py::test_public_native_racecheck_atomic_modification_order_is_not_a_race	covered	racecheck_scoped_and_lanes.rs::atomic_semantics	same-CTA atom/atom morally strong
tests/analysis_tools/racecheck/test_native_atomic_semantics.py::test_public_native_racecheck_barrier_orders_atomic_before_plain_read	covered	racecheck_scoped_and_lanes.rs::atomic_semantics	bar.sync orders atom -> plain read
tests/analysis_tools/racecheck/test_native_atomic_semantics.py::test_public_native_racecheck_long_loop_is_complete_and_deterministic	covered	racecheck_scoped_and_lanes.rs::reusable_named_barrier_and_long_loop;racecheck_ports.rs::gc_retires_ordered_history	1152-step same-lane loop clean; access_count/task_count determinism is C
tests/analysis_tools/racecheck/test_native_atomic_semantics.py::test_public_native_racecheck_named_barrier_publishes_last_arriver_before_resume	covered	racecheck_scoped_and_lanes.rs::reusable_named_barrier_and_long_loop	64-phase reusable named barrier
tests/analysis_tools/racecheck/test_native_atomic_semantics.py::test_public_native_racecheck_reports_unordered_atomic_plain_conflict	covered	racecheck_scoped_and_lanes.rs::atomic_semantics	atom vs unordered plain st: one missing_release_acquire race; payload-shape asserts are C
tests/analysis_tools/racecheck/test_native_exact_oob.py::test_native_racecheck_and_synccheck_scope_typed_lane_predicate_oob	v2_kernel_test	tests/numsim/v2/checkers/test_exact_oob.py::test_racecheck_and_synccheck_scope_typed_lane_predicate_oob	synccheck execution_error oob via interpreter guard evaluation; no racecheck-core content
tests/analysis_tools/racecheck/test_native_exact_oob.py::test_public_native_racecheck_missing_required_binding_is_typed_incomplete	not_b:C		public-API argument validation (missing_input_bindings payload, source_anchor)
tests/analysis_tools/racecheck/test_native_exact_oob.py::test_public_native_racecheck_resolves_boolean_guard_spellings_exactly	v2_kernel_test	racecheck_async_copy.rs::reuse_and_oob;tests/numsim/v2/checkers/test_exact_oob.py::test_racecheck_resolves_boolean_guard_spellings_exactly	needs interpreter: exact guard/lane-predicate/loop evaluation deciding which lane goes OOB; contract-level OOB->OutOfBounds (delta P5) covered by racecheck_async_copy.rs::reuse_and_oob (boolean guard spellings are lowering/interp)
tests/analysis_tools/racecheck/test_native_exact_oob.py::test_public_native_racecheck_resolves_buffer_selected_oob_exactly	v2_kernel_test	racecheck_async_copy.rs::reuse_and_oob;tests/numsim/v2/checkers/test_exact_oob.py::test_racecheck_resolves_buffer_selected_oob_exactly	needs interpreter: exact guard/lane-predicate/loop evaluation deciding which lane goes OOB; contract-level OOB->OutOfBounds (delta P5) covered by racecheck_async_copy.rs::reuse_and_oob; artifact_key/digest assertions are not_b:C
tests/analysis_tools/racecheck/test_native_exact_oob.py::test_public_native_racecheck_resolves_concrete_lane_oob_variants_exactly	v2_kernel_test	racecheck_async_copy.rs::reuse_and_oob;tests/numsim/v2/checkers/test_exact_oob.py::test_racecheck_resolves_concrete_lane_oob_variants_exactly	needs interpreter: exact guard/lane-predicate/loop evaluation deciding which lane goes OOB; contract-level OOB->OutOfBounds (delta P5) covered by racecheck_async_copy.rs::reuse_and_oob (all params offset/decreasing/nonlinear-data-bound/then-else-complement/single-warp-lane-guard)
tests/analysis_tools/racecheck/test_native_exact_oob.py::test_public_native_racecheck_resolves_data_guarded_oob_exactly	v2_kernel_test	racecheck_async_copy.rs::reuse_and_oob;tests/numsim/v2/checkers/test_exact_oob.py::test_racecheck_resolves_data_guarded_oob_exactly	needs interpreter: exact guard/lane-predicate/loop evaluation deciding which lane goes OOB; contract-level OOB->OutOfBounds (delta P5) covered by racecheck_async_copy.rs::reuse_and_oob
tests/analysis_tools/racecheck/test_native_exact_oob.py::test_public_native_racecheck_resolves_warp_tiled_oob_exactly	v2_kernel_test	racecheck_async_copy.rs::reuse_and_oob;tests/numsim/v2/checkers/test_exact_oob.py::test_racecheck_resolves_warp_tiled_oob_exactly	needs interpreter: exact guard/lane-predicate/loop evaluation deciding which lane goes OOB; contract-level OOB->OutOfBounds (delta P5) covered by racecheck_async_copy.rs::reuse_and_oob; task_count/execution_model asserts are not_b:C
tests/analysis_tools/racecheck/test_native_exact_oob.py::test_public_native_synccheck_executes_numeric_loop_address_relay	v2_kernel_test	tests/numsim/v2/checkers/test_exact_oob.py::test_synccheck_executes_numeric_loop_address_relay	synccheck + interpreter loop-carried address relay producing oob; no racecheck-core content
tests/analysis_tools/racecheck/test_native_global_access_count.py::test_async_tile_copy_access_count_parity	not_b:C		access_count parity for async batches
tests/analysis_tools/racecheck/test_native_global_access_count.py::test_global_accesses_are_counted_without_the_access_journal	not_b:C		access_count compact-vs-journal parity (all params write/read_write/atomic_rmw)
tests/analysis_tools/racecheck/test_native_global_access_count.py::test_repeated_read_access_count_parity	not_b:C		access_count parity
tests/analysis_tools/racecheck/test_native_global_scoped_hb_matrix.py::test_async_store_requires_completion_handoff_before_publication	ported	racecheck_legacy_ports.rs::g3_async_store_requires_completion_before_publication;racecheck_declared_word.rs::wait_does_not_bridge_unfinished_async_store	port omits the extra fence.proxy.async.global the existing test adds, exercising X3; no-wait arm has no completion at all
tests/analysis_tools/racecheck/test_native_global_scoped_hb_matrix.py::test_host_initialized_version_is_before_all_kernel_reads	ported	racecheck_legacy_ports.rs::g3_host_initialized_reads_are_clean	
tests/analysis_tools/racecheck/test_native_global_scoped_hb_matrix.py::test_million_failed_polls_keep_the_online_report_bounded	not_b:C		pins access_count / accesses_complete / bounded online report of the legacy engine (1M-iteration loop budget), not a checker verdict contract
tests/analysis_tools/racecheck/test_native_global_scoped_hb_matrix.py::test_publication_and_acquisition_are_lane_precise	covered	racecheck_scoped_and_lanes.rs::lane_precise_publication	all 5 modes
tests/analysis_tools/racecheck/test_native_global_scoped_hb_matrix.py::test_rmw_release_sequence_and_morally_strong_rules	ported	racecheck_legacy_ports.rs::g3_rmw_release_sequence_and_morally_strong_rules;racecheck_declared_word.rs::rmw_release_sequence;racecheck_scoped_and_lanes.rs::rmw_cross_cluster_cta_scope_is_not_morally_strong	all 4 modes; mode 2 delta R4: legacy scope_mismatch and no data race, new data race missing_release_acquire; mode 3 red never acquires (I2)
tests/analysis_tools/racecheck/test_native_global_scoped_hb_matrix.py::test_same_cluster_release_acquire_is_clean	ported	racecheck_legacy_ports.rs::g3_same_cluster_release_acquire_is_clean	
tests/analysis_tools/racecheck/test_native_global_scoped_hb_matrix.py::test_same_value_and_aba_observations_use_only_the_exact_writer	ported	racecheck_legacy_ports.rs::g3_same_value_and_aba_use_only_exact_writer;racecheck_scoped_and_lanes.rs::exact_read_from_aba	both aba params incl. relaxed turn/ready polling
tests/analysis_tools/racecheck/test_native_global_scoped_hb_matrix.py::test_tcgen_commit_mbarrier_forwards_the_issuing_thread_publication	covered	racecheck_tcgen.rs::tcgen_commit_forwards_issuer_publication	both params
tests/analysis_tools/racecheck/test_native_global_scoped_hb_matrix.py::test_torn_scoped_read_reports_the_unordered_mixed_size_writes	covered	racecheck_scoped_and_lanes.rs::torn_scoped_observation	
tests/analysis_tools/racecheck/test_native_global_scoped_hb.py::test_access_journal_preserves_memory_semantic_variants	not_b:C		access journal payload fields; lowering of volatile->relaxed.sys etc.
tests/analysis_tools/racecheck/test_native_global_scoped_hb.py::test_access_journal_retains_exact_scoped_metadata	not_b:C		access journal payload fields (memory_order/scope/access_class)
tests/analysis_tools/racecheck/test_native_global_scoped_hb.py::test_plain_flag_and_data_conflicts_are_both_reported	covered	racecheck_scoped_and_lanes.rs::plain_flag_spin_races_on_flag_and_data	
tests/analysis_tools/racecheck/test_native_global_scoped_hb.py::test_ptx_cluster_fence_orders_same_cta_message_passing	covered	racecheck_scoped_and_lanes.rs::typed_cluster_fence_same_cta	
tests/analysis_tools/racecheck/test_native_global_scoped_hb.py::test_scoped_global_findings_are_worker_count_deterministic	not_b:C		engine worker-count determinism; related core test racecheck_review.rs::r6_checkers_on_threads_agree
tests/analysis_tools/racecheck/test_native_global_scoped_hb.py::test_scoped_global_message_passing_and_fence_halves_are_clean	covered	racecheck_scoped_and_lanes.rs::global_scoped_hb_modes	modes 0,5
tests/analysis_tools/racecheck/test_native_global_scoped_hb.py::test_scoped_global_missing_edge_or_misplaced_fence_reports_data_race	ported	racecheck_scoped_and_lanes.rs::global_scoped_hb_modes;racecheck_legacy_ports.rs::g4_scoped_global_write_after_release_fence_races	modes 1,2,3,6,7 covered; mode 8 (write after release fence, offset 4) ported. Mode 1 per delta R4: race + scope_mismatch
tests/analysis_tools/racecheck/test_native_global_write_seed.py::test_bound_pointer_view_uses_the_physical_parameter	not_b:C		generated Rust text + trivial clean run of a single store
tests/analysis_tools/racecheck/test_native_global_write_seed.py::test_discard_is_a_write_for_compact_alias_races	v2_kernel_test	tests/numsim/v2/checkers/test_global_write_seed.py::test_discard_is_a_write_for_compact_alias_races	discard.global.L2 lowered as a write + host alias; lowering/interp emission (spec: arena.rs treats discard as invalidating)
tests/analysis_tools/racecheck/test_native_global_write_seed.py::test_loop_carried_selected_pointer_preserves_compact_alias_races	v2_kernel_test	tests/numsim/v2/checkers/test_global_write_seed.py::test_loop_carried_selected_pointer_preserves_compact_alias_races	raw pointer provenance through selp/loop arithmetic + host alias; interpreter/arena
tests/analysis_tools/racecheck/test_native_global_write_seed.py::test_phase_names_are_qualified_in_multi_kernel_seed	not_b:C		asserts generated Rust text
tests/analysis_tools/racecheck/test_native_global_write_seed.py::test_raw_offset_escaping_seed_restarts_from_original_inputs	v2_kernel_test	tests/numsim/v2/checkers/test_global_write_seed.py::test_raw_offset_escaping_seed_restarts_from_original_inputs	raw pointer offset escaping into another binding + seed replay count (C); arena/engine
tests/analysis_tools/racecheck/test_native_global_write_seed.py::test_raw_store_tracks_its_destination	not_b:C		asserts generated Rust text
tests/analysis_tools/racecheck/test_native_global_write_seed.py::test_read_before_write_is_still_checked_for_host_aliases	v2_kernel_test	tests/numsim/v2/checkers/test_global_write_seed.py::test_read_before_write_is_still_checked_for_host_aliases	host-aliased input buffers resolving to one allocation is arena/engine binding resolution; at contract level it is a plain unordered cross-CTA read/write race. Legacy write-seed optimisation has no analogue (no seed in new core)
tests/analysis_tools/racecheck/test_native_global_write_seed.py::test_readonly_kernel_needs_no_global_write_history	not_b:C		legacy global-write-history plumbing; read-only kernel trivially clean
tests/analysis_tools/racecheck/test_native_global_write_seed.py::test_register_instruction_buffer_destinations_are_not_assumed_readonly	not_b:C		asserts generated Rust text
tests/analysis_tools/racecheck/test_native_global_write_seed.py::test_register_result_writes_preserve_host_alias_races	v2_kernel_test	tests/numsim/v2/checkers/test_global_write_seed.py::test_register_result_writes_preserve_host_alias_races	host alias (source view of output) resolution + register-result store lowering (ex2 dest); arena/lowering, not contract
tests/analysis_tools/racecheck/test_native_global_write_seed.py::test_seed_tracks_declared_alias_destinations_but_not_readonly_inputs	not_b:C		asserts generated Rust text (global_write_allocations seed)
tests/analysis_tools/racecheck/test_native_global_write_seed.py::test_tensor_map_initial_and_replaced_bases_keep_compact_alias_races	v2_kernel_test	tests/numsim/v2/checkers/test_global_write_seed.py::test_tensor_map_initial_and_replaced_bases_keep_compact_alias_races	TMA destination via TensorMap base (initial/replaced) aliasing a host input; needs interpreter tensormap resolution
tests/analysis_tools/racecheck/test_native_global_write_seed.py::test_tile_destination_is_a_write_without_a_buffer_store	not_b:C		asserts generated Rust text
tests/analysis_tools/racecheck/test_native_global_write_seed.py::test_unknown_register_overwrite_keeps_read_before_write_race	v2_kernel_test	tests/numsim/v2/checkers/test_global_write_seed.py::test_unknown_register_overwrite_keeps_read_before_write_race	pointer clobbered by xor/Tx.copy from data + host alias; interpreter/arena
tests/analysis_tools/racecheck/test_native_kernel_contracts.py::test_local_scalar_indices_preserve_strided_race_and_nested_clean_case	ported	racecheck_legacy_ports.rs::g5_strided_overlap_races_and_nested_disjoint_is_clean	write_write missing_inter_actor_sync + disjoint clean; source_text asserts are C
tests/analysis_tools/racecheck/test_native_kernel_contracts.py::test_racecheck_accepts_conditional_tmem_lifecycles	v2_kernel_test	tests/numsim/v2/checkers/test_engine_level.py::test_racecheck_accepts_conditional_tmem_lifecycles	needs interpreter tcgen05.alloc/dealloc/relinquish + TMEMPool lowering under rank/thread-conditional control flow; racecheck sees only AllocBegin/AllocEnd (semantics table row 33)
tests/analysis_tools/racecheck/test_native_kernel_contracts.py::test_racecheck_executes_non_int32_local_storage	not_b:C		uint32 local storage execution (lowering)
tests/analysis_tools/racecheck/test_native_kernel_contracts.py::test_race_report_prints_both_conflicting_source_operations	not_b:C		report text formatting
tests/analysis_tools/racecheck/test_native_matrix_collective_sync.py::test_ldmatrix_mandatory_sync_orders_provider_lane_writes	covered	racecheck_scoped_and_lanes.rs::matrix_collectives_order_lanes	WarpSync before collective orders cross-lane writes
tests/analysis_tools/racecheck/test_native_matrix_collective_sync.py::test_stmatrix_mandatory_sync_orders_consumer_lane_reads	covered	racecheck_scoped_and_lanes.rs::matrix_collectives_order_lanes	WarpSync after collective orders cross-lane reads
tests/analysis_tools/racecheck/test_native_ordered_b128_load.py::test_ordered_b128_acquire_preserves_release_handoff	ported	racecheck_legacy_ports.rs::g5_ordered_b128_acquire_preserves_release_handoff	relaxed ready flag gives no edge; wait_until on release-stored low half publishes data and the b128 pair
tests/analysis_tools/racecheck/test_native_proxy_async_fence.py::test_clc_completion_orders_query_but_query_requires_a_fence_before_reuse	covered	racecheck_proxy_async_fence.rs::clc_response_reuse	both params
tests/analysis_tools/racecheck/test_native_proxy_async_fence.py::test_global_proxy_fence_qualifier_is_exact	covered	racecheck_proxy_async_fence.rs::global_proxy_fence_modes	all 4 fence modes
tests/analysis_tools/racecheck/test_native_proxy_async_fence.py::test_mbarrier_completion_acquire_does_not_escape_its_active_lane	covered	racecheck_proxy_async_fence.rs::mbarrier_completion_acquire_lane	max_workers params are infra only
tests/analysis_tools/racecheck/test_native_proxy_async_fence.py::test_proxy_fence_does_not_escape_its_active_lane	covered	racecheck_proxy_async_fence.rs::proxy_fence_does_not_escape_active_lane	max_workers params are infra only
tests/analysis_tools/racecheck/test_native_proxy_async_fence.py::test_raw_try_wait_observes_copy_but_only_acquire_orders_ordinary_memory	covered	racecheck_proxy_async_fence.rs::raw_try_wait_acquire_variants	delta B2: legacy relaxed try_wait observes the copy (clean); new relaxed wait synchronises nothing (race) unless followed by fence.acquire; phase_type::conditional variants differ only in lowering
tests/analysis_tools/racecheck/test_native_proxy_async_fence.py::test_same_rank_mapa_address_uses_its_final_cta_local_bits	covered	racecheck_proxy_async_fence.rs::same_rank_mapa_shared_cluster	asserts NEW behaviour, inverted vs legacy: legacy resolved a same-rank mapa address to its CTA-local window (shared::cta fence clean, shared::cluster fence race); new treats it as a shared::cluster window (cluster fence clean via X1 window inclusion, cta fence race per X2/S2). X2 Legacy column says Race but this legacy test expects clean
tests/analysis_tools/racecheck/test_native_proxy_async_fence.py::test_shared_cta_proxy_fence_qualifier_is_exact	covered	racecheck_proxy_async_fence.rs::shared_cta_proxy_fence_modes	all 5 modes; mode 2 (.shared::cluster fence) delta X1: legacy race, new clean
tests/analysis_tools/racecheck/test_native_proxy_async_fence.py::test_v30_q_and_v_aliases_have_isolated_dynamic_witnesses	covered	racecheck_proxy_async_fence.rs::v30_alias_anti_dependency	q and v aliases give the same contract event shape
tests/analysis_tools/racecheck/test_native_public_api.py::test_production_racecheck_artifact_omits_unused_synccheck_entrypoint	not_b:C		generated Rust text / artifact entrypoints
tests/analysis_tools/racecheck/test_native_public_api.py::test_production_synccheck_artifact_omits_unused_racecheck_entrypoint	not_b:C		generated Rust text / artifact entrypoints
tests/analysis_tools/racecheck/test_native_public_api.py::test_public_checkers_accept_tensor_map_descriptor_storage	not_b:C		input binding of TensorMap descriptor storage (both checker params)
tests/analysis_tools/racecheck/test_native_public_api.py::test_public_checker_signatures_are_kernel_and_inputs	not_b:C		legacy Python facade signature
tests/analysis_tools/racecheck/test_native_public_api.py::test_public_checkers_reject_descriptor_storage_for_scalar	not_b:C		input validation error (both checker params)
tests/analysis_tools/racecheck/test_native_public_api.py::test_public_checkers_reject_legacy_and_internal_options	not_b:C		legacy facade argument validation (all params)
tests/analysis_tools/racecheck/test_native_public_api.py::test_public_interface_executes_native	not_b:C		facade plumbing (engine=native payload) on a trivial disjoint-store kernel
tests/analysis_tools/racecheck/test_native_public_api.py::test_public_synccheck_assumes_external_grid_dependency_is_satisfied	not_b:F		synccheck semantics (griddepcontrol.wait assumed satisfied), not racecheck; belongs in synccheck coverage
tests/analysis_tools/racecheck/test_native_public_api.py::test_public_synccheck_interface_executes_native	not_b:C		synccheck facade plumbing
tests/analysis_tools/racecheck/test_native_public_api.py::test_report_scope_line_matches_checked_spaces	not_b:C		report text formatting
tests/analysis_tools/racecheck/test_native_racecheck_arrive_snapshot.py::test_public_native_racecheck_blocked_wait_acquires_only_arrive_snapshot	ported	racecheck_legacy_ports.rs::g5_blocked_wait_acquires_only_arrive_snapshot	waiter blocked before arrive; overwrite after wait resumes still races; staged/committed generation payload is C
tests/analysis_tools/racecheck/test_native_racecheck_arrive_snapshot.py::test_public_native_racecheck_late_wait_acquires_only_arrive_snapshot	covered	racecheck_scoped_and_lanes.rs::late_wait_acquires_arrive_snapshot	clean control + overwrite race; mbarrier effect payload/synccheck parts are C
tests/analysis_tools/racecheck/test_native_racecheck_artifact.py::test_native_racecheck_cross_cluster_atomic_modification_order_is_clean	ported	racecheck_legacy_ports.rs::g1_cross_cluster_gpu_atomics_clean	default atom.add = relaxed .gpu; morally strong across clusters (R1)
tests/analysis_tools/racecheck/test_native_racecheck_artifact.py::test_native_racecheck_cta_reduce_internal_barriers_order_scratch_accesses	v2_kernel_test	tests/numsim/v2/checkers/test_tile_hidden_accesses.py::test_cta_reduce_internal_barriers_order_scratch_accesses	needs lowering of T.cuda.cta_sum (internal barriers must order its scratch)
tests/analysis_tools/racecheck/test_native_racecheck_artifact.py::test_native_racecheck_direct_atomic_order_executes_without_replay	not_b:C		pins absence of replay/search payload and deterministic schedule
tests/analysis_tools/racecheck/test_native_racecheck_artifact.py::test_native_racecheck_direct_named_barrier_hb_is_clean	covered	racecheck_scoped_and_lanes.rs::reusable_named_barrier_and_long_loop	bar.sync orders cross-warp shared write/read; search payload asserts not_b:C
tests/analysis_tools/racecheck/test_native_racecheck_artifact.py::test_native_racecheck_ignores_fully_predicated_shared_pointer_load	v2_kernel_test	tests/numsim/v2/checkers/test_exact_oob.py::test_racecheck_ignores_fully_predicated_shared_pointer_load	needs interpreter: a zero-active-lane ld.shared must emit no access (not expressible as contract events; no spec mentions it)
tests/analysis_tools/racecheck/test_native_racecheck_artifact.py::test_native_racecheck_mbarrier_release_acquire_orders_shared_access	ported	racecheck_legacy_ports.rs::g1_mbarrier_release_acquire_orders_shared	sync-effect ordering asserts are synccheck payload (not_b:C)
tests/analysis_tools/racecheck/test_native_racecheck_artifact.py::test_native_racecheck_observes_shared_load_hidden_in_tile_region_index	v2_kernel_test	tests/numsim/v2/checkers/test_tile_hidden_accesses.py::test_observes_shared_load_hidden_in_tile_region_index	needs lowering: shared index load hidden in a tile-primitive region must be emitted with the tile op's source id
tests/analysis_tools/racecheck/test_native_racecheck_artifact.py::test_native_racecheck_oob_is_exact_error_or_clean_from_concrete_mask	ported	racecheck_legacy_ports.rs::g1_lane_selected_oob_is_error_or_clean	delta P5: OOB is now an OutOfBounds finding (legacy execution_error); concrete-mask lane selection itself is interpreter
tests/analysis_tools/racecheck/test_native_racecheck_artifact.py::test_native_racecheck_permute_snapshot_records_zero_fill_source_reads	v2_kernel_test	tests/numsim/v2/checkers/test_tile_hidden_accesses.py::test_permute_snapshot_records_zero_fill_source_reads	needs lowering of Tx.warp.permute_layout (snapshot source reads must be recorded)
tests/analysis_tools/racecheck/test_native_racecheck_artifact.py::test_native_racecheck_permute_snapshot_zero_fill_retains_shared_accesses	v2_kernel_test	tests/numsim/v2/checkers/test_tile_hidden_accesses.py::test_permute_snapshot_zero_fill_retains_shared_accesses	needs lowering of Tx.warp.permute_layout (snapshot zero-fill must keep its shared writes)
tests/analysis_tools/racecheck/test_native_racecheck_artifact.py::test_native_racecheck_raw_bulk_rejects_a_true_async_write_race	ported	racecheck_legacy_ports.rs::g1_two_warp_async_destinations_race	execution_error kind and access counts are not_b:C
tests/analysis_tools/racecheck/test_native_racecheck_artifact.py::test_native_racecheck_raw_bulk_uses_the_concrete_active_issuer_lane	ported	racecheck_legacy_ports.rs::g1_raw_bulk_active_issuer_lane_clean	issuer-lane attribution of the lowered access is interpreter; contract part ported
tests/analysis_tools/racecheck/test_native_racecheck_artifact.py::test_native_racecheck_raw_tma_records_exact_global_and_shared_payload	covered	racecheck_async_copy.rs::bulk_g2s_waited_and_unwaited	clean single-lane TMA; per-element access payload is not_b:C
tests/analysis_tools/racecheck/test_native_racecheck_artifact.py::test_native_racecheck_records_cta_reduce_hidden_scratch_accesses	v2_kernel_test	tests/numsim/v2/checkers/test_tile_hidden_accesses.py::test_records_cta_reduce_hidden_scratch_accesses	needs lowering of T.cuda.cta_sum (hidden scratch writes must be emitted)
tests/analysis_tools/racecheck/test_native_racecheck_artifact.py::test_native_racecheck_reports_cross_cluster_global_tile_copy_conflict	ported	racecheck_legacy_ports.rs::g1_cross_cluster_wide_global_copy_conflict	Tx.copy lowering to per-element stores is lowering; race contract ported
tests/analysis_tools/racecheck/test_native_racecheck_artifact.py::test_native_racecheck_reports_cross_cluster_global_waw_independent_of_workers	ported	racecheck_legacy_ports.rs::g1_cross_cluster_global_waw	worker-independence and access-key shape are not_b:F/C
tests/analysis_tools/racecheck/test_native_racecheck_artifact.py::test_native_racecheck_reports_exact_cross_warp_shared_write_race	ported	racecheck_legacy_ports.rs::g1_cross_warp_shared_write_write_race	payload/stats/sync-field assertions are not_b:C
tests/analysis_tools/racecheck/test_native_racecheck_artifact.py::test_native_racecheck_reports_same_cluster_global_waw	ported	racecheck_legacy_ports.rs::g1_same_cluster_global_waw	access_count asserts not_b:C
tests/analysis_tools/racecheck/test_native_racecheck_artifact.py::test_native_racecheck_runs_clusters_in_parallel_with_stable_direct_payload	not_b:F		worker parallelism / payload stability
tests/analysis_tools/racecheck/test_native_racecheck_artifact.py::test_native_racecheck_single_warp_cta_reduce_is_clean_and_numeric	v2_kernel_test	tests/numsim/v2/checkers/test_tile_hidden_accesses.py::test_single_warp_cta_reduce_is_clean_and_numeric	needs lowering+interpreter: single-warp cta_sum numeric result and clean verdict
tests/analysis_tools/racecheck/test_native_racecheck_artifact.py::test_native_racecheck_subset_is_typed_incomplete	v2_kernel_test	tests/numsim/v2/checkers/test_engine_level.py::test_racecheck_subset_is_typed_incomplete	subset_execution incomplete (racecheck-semantics.md) is engine-level; no contract event/Incomplete variant for subset runs
tests/analysis_tools/racecheck/test_native_racecheck_artifact.py::test_native_racecheck_typed_tma_multicast_records_each_target_allocation	covered	racecheck_async_copy.rs::multicast_cases	per-target allocation footprint is lowering; access-count/compaction asserts not_b:C
tests/analysis_tools/racecheck/test_native_racecheck_artifact.py::test_public_native_racecheck_accepts_cluster_arrive_through_remote_view	ported	racecheck_legacy_ports.rs::g1_remote_view_cluster_arrive	delta B1/V5: default .release.cta remote arrive + .cta wait now gives ScopeMismatch error (legacy clean); .cluster on both is clean
tests/analysis_tools/racecheck/test_native_racecheck_artifact.py::test_public_native_racecheck_raw_tma_overlapping_destinations_race	ported	racecheck_legacy_ports.rs::g1_two_warp_async_destinations_race	4-byte overlap case
tests/analysis_tools/racecheck/test_native_racecheck_artifact.py::test_public_native_racecheck_typed_tma_overlapping_destinations_race	ported	racecheck_legacy_ports.rs::g1_two_warp_async_destinations_race	write_write + missing_inter_actor_sync, 16-byte overlap
tests/analysis_tools/racecheck/test_native_racecheck_artifact.py::test_public_native_racecheck_typed_tma_uses_exact_global_subregion	ported	racecheck_legacy_ports.rs::g1_tma_exact_global_subregion_clean	subregion footprint computation is lowering
tests/analysis_tools/racecheck/test_native_racecheck_exact_control.py::test_public_native_racecheck_executes_lane_varying_dynamic_for_exactly	v2_kernel_test	racecheck_async_copy.rs::reuse_and_oob;tests/numsim/v2/checkers/test_exact_oob.py::test_racecheck_executes_lane_varying_dynamic_for_exactly	interpreter lane-varying for loop + loop_frames payload (C)
tests/analysis_tools/racecheck/test_native_racecheck_exact_control.py::test_public_native_racecheck_executes_lane_varying_dynamic_while_exactly	v2_kernel_test	racecheck_async_copy.rs::reuse_and_oob;tests/numsim/v2/checkers/test_exact_oob.py::test_racecheck_executes_lane_varying_dynamic_while_exactly	interpreter lane-varying while loop + loop_frames payload (C)
tests/analysis_tools/racecheck/test_native_racecheck_exact_control.py::test_public_native_racecheck_preserves_tile_address_local_scalars	ported	racecheck_legacy_ports.rs::g4_tile_store_per_cluster_disjoint_is_clean	verdict ported; local-scalar address resolution and access-journal offsets need interpreter
tests/analysis_tools/racecheck/test_native_racecheck_exact_control.py::test_public_native_racecheck_resolves_data_guarded_cross_lane_hazard_exactly	ported	racecheck_legacy_ports.rs::g4_data_guarded_cross_lane_hazard	artifact_key/digest asserts are C
tests/analysis_tools/racecheck/test_native_racecheck_exact_control.py::test_public_native_racecheck_resolves_scalar_lane_guard_exactly	v2_kernel_test	racecheck_async_copy.rs::reuse_and_oob;tests/numsim/v2/checkers/test_exact_oob.py::test_racecheck_resolves_scalar_lane_guard_exactly	interpreter lane-guard evaluation deciding OOB
tests/analysis_tools/racecheck/test_native_racecheck_lane_order.py::test_address_only_same_instruction_atomic_return_is_clean	ported	racecheck_legacy_ports.rs::g4_same_address_atomic_then_ticket_outputs	ticket-selected output addresses (permuted, no sync)
tests/analysis_tools/racecheck/test_native_racecheck_lane_order.py::test_direct_atomic_modification_order_does_not_publish_shared_write	covered	racecheck_scoped_and_lanes.rs::atomic_poll_does_not_publish_shared	legacy publisher is red.relaxed, Rust uses atom.relaxed (relaxed wait acquires nothing either way)
tests/analysis_tools/racecheck/test_native_racecheck_lane_order.py::test_disjoint_multi_lane_atomics_remain_exactly_clean	covered	racecheck_scoped_and_lanes.rs::same_lane_program_order_and_warp_atomics	per-lane disjoint atomics (GMEM2)
tests/analysis_tools/racecheck/test_native_racecheck_lane_order.py::test_output_only_same_address_multi_lane_atomic_is_clean	covered	racecheck_scoped_and_lanes.rs::same_lane_program_order_and_warp_atomics	synccheck half out of scope
tests/analysis_tools/racecheck/test_native_racecheck_lane_order.py::test_public_racecheck_preserves_same_lane_program_order	covered	racecheck_scoped_and_lanes.rs::same_lane_program_order_and_warp_atomics	
tests/analysis_tools/racecheck/test_native_racecheck_lane_order.py::test_public_racecheck_requires_sync_between_different_lanes_in_one_warp	covered	racecheck_scoped_and_lanes.rs::lane_handoff_matrix	both params (atomic False/True), warp_sync and cta_sync controls
tests/analysis_tools/racecheck/test_native_racecheck_lane_order.py::test_synccheck_uses_one_concrete_same_instruction_atomic_lane_order	ported	racecheck_legacy_ports.rs::g4_same_address_atomic_then_ticket_outputs	racecheck half; synccheck participation half out of scope
tests/analysis_tools/racecheck/test_native_racecheck_per_warp.py::test_public_native_racecheck_distinguishes_disjoint_and_overlapping_warp_slices	ported	racecheck_legacy_ports.rs::g5_per_warp_disjoint_vs_overlapping_slices	delta P1: legacy expected exactly 1 finding (RS abort-at-first-race); new reports every site-pair race; analysis_scope/topology payload is C
tests/analysis_tools/racecheck/test_native_racecheck_release_rmw_handoff.py::test_same_address_rmw_serialization_is_not_happens_before	ported	racecheck_scoped_and_lanes.rs::release_rmw_handoff_sibling_lanes_race;racecheck_legacy_ports.rs::g5_release_rmw_sibling_lanes_race_on_data_only	race covered by existing test; port pins the no-undeclared-review facet: delta R3 now gives an UndeclaredProtocolWord review advisory on flag (legacy asserted none)
tests/analysis_tools/racecheck/test_native_racecheck_release_rmw_handoff.py::test_warp_sync_orders_the_same_pattern	covered	racecheck_scoped_and_lanes.rs::release_rmw_handoff_sibling_lanes_race	warp_sync variant clean
tests/analysis_tools/racecheck/test_native_racecheck_tmem_arrive_snapshot.py::test_public_native_tmem_post_arrive_load_races_with_late_consumer_store	ported	racecheck_legacy_ports.rs::g2_tmem_post_arrive_load_races_with_consumer_store	verdict/finding ported; replay/mbarrier-outcome/synccheck/artifact_key assertions are not_b:C detail
tests/analysis_tools/racecheck/test_native_racecheck_tmem_arrive_snapshot.py::test_public_native_tmem_post_arrive_load_races_with_preblocked_consumer_store	ported	racecheck_legacy_ports.rs::g2_tmem_post_arrive_load_races_with_consumer_store	producer warp 0 variant; replay/outcome assertions are not_b:C detail
tests/analysis_tools/racecheck/test_native_raw_async_copy_footprints.py::test_bulk_g2s_cta_completes_clean	covered	racecheck_async_copy.rs::bulk_g2s_waited_and_unwaited	[plain] and [ignore_oob]: identical contract events; .ignore_oob footprint is lowering
tests/analysis_tools/racecheck/test_native_raw_async_copy_footprints.py::test_bulk_g2s_cta_flags_an_unwaited_destination_read	covered	racecheck_async_copy.rs::bulk_g2s_waited_and_unwaited	
tests/analysis_tools/racecheck/test_native_raw_async_copy_footprints.py::test_bulk_g2s_cta_ignore_oob_does_not_bounds_check_the_ignored_bytes	v2_kernel_test	tests/numsim/v2/checkers/test_engine_level.py::test_bulk_g2s_cta_ignore_oob_does_not_bounds_check_the_ignored_bytes	needs lowering: .ignore_oob read footprint clipped to the in-bounds source slice (no spec mentions ignore_oob)
tests/analysis_tools/racecheck/test_native_raw_async_copy_footprints.py::test_bulk_g2s_cta_ignore_oob_short_source_synccheck_reports_no_finding	not_b:F		synccheck assertion
tests/analysis_tools/racecheck/test_native_raw_async_copy_footprints.py::test_bulk_g2s_cta_synccheck_reports_no_finding	not_b:F		synccheck assertion
tests/analysis_tools/racecheck/test_native_raw_async_copy_footprints.py::test_bulk_g2s_multicast_completes_clean	covered	racecheck_async_copy.rs::multicast_cases	
tests/analysis_tools/racecheck/test_native_raw_async_copy_footprints.py::test_bulk_g2s_multicast_flags_an_unwaited_remote_target_read	covered	racecheck_async_copy.rs::multicast_cases	
tests/analysis_tools/racecheck/test_native_raw_async_copy_footprints.py::test_bulk_g2s_multicast_ignores_a_read_on_an_unselected_cta	covered	racecheck_async_copy.rs::multicast_cases	mask narrowing itself is lowering
tests/analysis_tools/racecheck/test_native_raw_async_copy_footprints.py::test_bulk_g2s_multicast_synccheck_reports_no_finding	not_b:F		synccheck assertion
tests/analysis_tools/racecheck/test_native_raw_async_copy_footprints.py::test_bulk_s2g_masked_completes_clean	ported	racecheck_legacy_ports.rs::g1_bulk_s2g_masked_waited_clean	
tests/analysis_tools/racecheck/test_native_raw_async_copy_footprints.py::test_bulk_s2g_masked_flags_a_write_to_a_selected_byte	covered	racecheck_async_copy.rs::s2g_cp_mask_footprint	
tests/analysis_tools/racecheck/test_native_raw_async_copy_footprints.py::test_bulk_s2g_masked_ignores_a_write_to_an_unselected_byte	covered	racecheck_async_copy.rs::s2g_cp_mask_footprint	cp_mask narrowing itself is lowering
tests/analysis_tools/racecheck/test_native_raw_async_copy_footprints.py::test_bulk_s2g_masked_synccheck_reports_no_finding	not_b:F		synccheck assertion
tests/analysis_tools/racecheck/test_native_raw_async_copy_footprints.py::test_bulk_s2s_cluster_completes_clean	ported	racecheck_legacy_ports.rs::g1_bulk_s2s_cluster_waited_and_unwaited	
tests/analysis_tools/racecheck/test_native_raw_async_copy_footprints.py::test_bulk_s2s_cluster_flags_the_unwaited_consumer	ported	racecheck_legacy_ports.rs::g1_bulk_s2s_cluster_waited_and_unwaited	sender warp attributed on the DSMEM write
tests/analysis_tools/racecheck/test_native_raw_async_copy_footprints.py::test_bulk_s2s_cluster_synccheck_reports_no_finding	not_b:F		synccheck assertion
tests/analysis_tools/racecheck/test_native_raw_async_copy_footprints.py::test_cp_async_mbarrier_arrive_flags_an_unwaited_destination_read	covered	racecheck_async_copy.rs::cp_async_mbarrier_arrive_pending_count	
tests/analysis_tools/racecheck/test_native_raw_async_copy_footprints.py::test_cp_async_mbarrier_arrive_pending_count_completes_clean	covered	racecheck_async_copy.rs::cp_async_mbarrier_arrive_pending_count	pending-count raise is sync-table/interpreter; contract part covered
tests/analysis_tools/racecheck/test_native_raw_async_copy_footprints.py::test_cp_async_mbarrier_arrive_synccheck_is_unchanged	not_b:F		synccheck assertion (belongs to the synccheck coverage map)
tests/analysis_tools/racecheck/test_native_raw_async_copy_footprints.py::test_tma_gather4_completes_clean	covered	racecheck_async_copy.rs::bulk_g2s_waited_and_unwaited	gather4 footprint is lowering; same contract shape
tests/analysis_tools/racecheck/test_native_raw_async_copy_footprints.py::test_tma_gather4_flags_an_unwaited_destination_read	covered	racecheck_async_copy.rs::bulk_g2s_waited_and_unwaited	
tests/analysis_tools/racecheck/test_native_raw_async_copy_footprints.py::test_tma_gather4_synccheck_reports_no_finding	not_b:F		synccheck assertion
tests/analysis_tools/racecheck/test_native_register_copy_sync.py::test_register_copy_does_not_invent_named_barrier	not_b:C		pins tile register-copy lowering (no invented named barrier); checker side is read-only after cta_sync
tests/analysis_tools/racecheck/test_native_same_warp_tmem_review.py::test_explicit_wait_resolves_same_warp_tmem_dependency	covered	racecheck_tcgen.rs::tcgen_transfer_lifetime	mode 1
tests/analysis_tools/racecheck/test_native_same_warp_tmem_review.py::test_unmodeled_same_warp_tmem_dependency_is_review	covered	racecheck_tcgen.rs::tcgen_transfer_lifetime	mode 0: TmemLifetimeReview read_write; message/URL text and payload fields are not_b:C detail
tests/analysis_tools/racecheck/test_native_same_warp_tmem_review.py::test_unwaited_tmem_load_conflicts_remain_distinct_reviews	ported	racecheck_legacy_ports.rs::g2_unwaited_tmem_load_conflicts_remain_distinct_reviews	
tests/analysis_tools/racecheck/test_native_shared_publication.py::test_sc_causality_and_lane_controls	ported	racecheck_legacy_ports.rs::g3_cuda_thread_fence_sc_causality;racecheck_scoped_and_lanes.rs::sc_causality_and_lane_controls	sc/acq_rel/plain fence (= acq_rel) and lane controls covered; cuda thread_fence (fence.sc.gpu) ported; both spaces
tests/analysis_tools/racecheck/test_native_shared_publication.py::test_shared_async_handoff	covered	racecheck_proxy_async_fence.rs::shared_to_async_handoff_matrix	all 4 fence sides with writer/reader lane controls
tests/analysis_tools/racecheck/test_native_shared_publication.py::test_shared_frontier_relay	covered	racecheck_scoped_and_lanes.rs::shared_frontier_relay	all 5 relays; synccheck require_clean and numerical output checks are out of racecheck scope
tests/analysis_tools/racecheck/test_native_sub_word_accesses.py::test_racecheck_sees_a_sub_word_access_as_a_one_byte_footprint	covered	racecheck_scoped_and_lanes.rs::sub_word_accesses	1-byte spans ordered/unordered
tests/analysis_tools/racecheck/test_native_sub_word_accesses.py::test_synccheck_accepts_the_ordered_sub_word_kernel	not_b:F		synccheck verdict, not racecheck
tests/analysis_tools/racecheck/test_native_tcgen_thread_fence.py::test_before_fence_orders_nonimplicit_same_thread_pair	covered	racecheck_tcgen.rs::same_thread_cp_pair_ordering	modes 1,3
tests/analysis_tools/racecheck/test_native_tcgen_thread_fence.py::test_commit_republishes_causal_predecessors_of_local_work	covered	racecheck_tcgen.rs::commit_forwards_only_issued_work	
tests/analysis_tools/racecheck/test_native_tcgen_thread_fence.py::test_completion_orders_nonimplicit_same_thread_pair	covered	racecheck_tcgen.rs::same_thread_cp_pair_ordering	modes 4,5
tests/analysis_tools/racecheck/test_native_tcgen_thread_fence.py::test_cross_thread_cp_to_mma_requires_both_thread_fences	ported	racecheck_tcgen.rs::cp_to_mma_handoff_needs_both_fences;racecheck_legacy_ports.rs::g2_cp_to_mma_mbarrier_relaxed_variants	cta_barrier/relaxed_flag/mbarrier covered; relaxed_wait (release arrive + relaxed wait) and relaxed_arrive_wait (arrive.relaxed.cluster) ported with exact qualifiers
tests/analysis_tools/racecheck/test_native_tcgen_thread_fence.py::test_empty_commit_does_not_republish_tcgen_imported_from_another_thread	covered	racecheck_tcgen.rs::commit_forwards_only_issued_work	
tests/analysis_tools/racecheck/test_native_tcgen_thread_fence.py::test_nonimplicit_same_thread_pair_without_before_fence_is_unordered	covered	racecheck_tcgen.rs::same_thread_cp_pair_ordering	modes 0,2
tests/analysis_tools/racecheck/test_native_tcgen_thread_fence.py::test_nonpipelined_cross_thread_ld_st_requires_producer_wait	covered	racecheck_tcgen.rs::cross_thread_ld_to_st_needs_producer_wait	no_wait is review (legacy: not clean)
tests/analysis_tools/racecheck/test_native_tcgen_thread_fence.py::test_repeated_thread_fence_handoff_keeps_full_frontier_ordered	covered	racecheck_tcgen.rs::repeated_fence_handoff_stays_clean	
tests/analysis_tools/racecheck/test_native_vector_destination_loads.py::test_acquire_vector_destination_load_keeps_its_ordering_specialization	ported	racecheck_legacy_ports.rs::g5_acquire_vector_destination_load_barrier_ordered_is_clean	ld.acquire.cta.v2 after bar: clean
tests/analysis_tools/racecheck/test_native_vector_destination_loads.py::test_racecheck_reports_a_vector_destination_load_racing_an_unordered_write	ported	racecheck_legacy_ports.rs::g5_vector_destination_load_unordered_races	unordered v2 load vs element stores: shared write_read race
tests/analysis_tools/racecheck/test_native_vector_destination_loads.py::test_racecheck_traces_the_element_footprint_of_a_vector_destination_load	ported	racecheck_legacy_ports.rs::g5_vector_destination_load_barrier_ordered_is_clean	v2 load footprint after bar: clean (lowering of the vector footprint itself is interpreter-side)
tests/analysis_tools/racecheck/test_native_vector_destination_loads.py::test_synccheck_accepts_the_ordered_vector_destination_load_kernels	not_b:F		synccheck verdict, not racecheck
tests/analysis_tools/racecheck/test_signal_diagnostics.py::test_hb_ordered_raw_spin_does_not_need_a_wait_declaration	ported	racecheck_legacy_ports.rs::g5_hb_ordered_raw_spin_needs_no_declaration	bar-ordered release/acquire spin: clean with no advisory; synccheck half is not racecheck
tests/analysis_tools/racecheck/test_signal_diagnostics.py::test_poll_budget_exhaustion_is_incomplete_not_deadlock	not_b:C		max_polls resource-limit plumbing (both checker params)
tests/analysis_tools/racecheck/test_signal_diagnostics.py::test_raw_spin_missing_hb_reports_race_with_conditional_wait_hint	ported	racecheck_legacy_ports.rs::g5_raw_spin_relaxed_publication_is_advisory_not_race	delta R3/R2: legacy expected data_race (G never exempted strong generic loads); new: not a race, UndeclaredProtocolWord review advisory; hint text is C
tests/analysis_tools/racecheck/test_signal_diagnostics.py::test_wait_without_any_possible_publisher_is_a_sync_deadlock	v2_kernel_test	tests/numsim/v2/checkers/test_engine_level.py::test_wait_without_any_possible_publisher_is_a_sync_deadlock	deadlock is a scheduler/interpreter finding (wait_until never satisfied), not expressible as racecheck contract events; [synccheck] param belongs to synccheck coverage
tests/analysis_tools/racecheck/wiki/test_wiki_racecheck.py::test_wiki_kernel_matches_racecheck_contract	not_b:A		real wiki-kernel corpus -> conformance snapshots
