legacy_test	v2_tests	note
tests/analysis_tools/synccheck/runtime/test_device_additional_payload_ops.py::test_payload_runtime	tests/numsim/v2/ports/test_internals_device_additional_payload_ops.py::test_payload_runtime	dropped stats task_count/completed_task_count, search.algorithm, _analysis_capable and legacy engine knobs; legacy multi-kernel module + run_synccheck_phase replaced by per-kernel v2.synccheck (clean, no findings, no incomplete, eligible_for_clean); 39/41 params pass; xfail v2_gap [scalar_warp_intrinsics]: incomplete Unsupported tirx.cuda.sm100_2sm_leader_smem_addr; xfail v2_gap [raw_tcgen_mma_tf32_ts_predicated]: incomplete 'tmem lane 32 is outside warp 0's sub-partition'
tests/numsim/integration/test_deterministic_reexecution.py::test_repeated_full_launch_keeps_outputs_stats_and_poll_order_deterministic	tests/numsim/v2/ports/test_internals_deterministic_reexecution.py::test_repeated_full_launch_keeps_outputs_stats_and_poll_order_deterministic	dropped stats equality and task_count/completed_task_count/poll_count/poll_order pins
tests/numsim/integration/test_large_buffer_artifact.py::test_large_register_buffer_table_is_heap_backed_and_executes	tests/numsim/v2/ports/test_internals_large_buffer_artifact.py::test_large_register_buffer_table_is_heap_backed_and_executes	dropped 4 module.rust_source pins; Engine(max_workers=1) -> Engine()
tests/numsim/integration/test_register_layout_artifact.py::test_wg_local_layout_uses_tid_in_wg_as_owner_and_m_as_register_index	tests/numsim/v2/ports/test_internals_register_layout_artifact.py::test_wg_local_layout_uses_tid_in_wg_as_owner_and_m_as_register_index	dropped stats task_count pin
tests/numsim/integration/test_register_layout_artifact.py::test_tcgen_atom_layout_uses_warp_and_lane_owners	tests/numsim/v2/ports/test_internals_register_layout_artifact.py::test_tcgen_atom_layout_uses_warp_and_lane_owners	dropped stats task_count pin
tests/numsim/integration/test_scheduler_polling_artifact.py::test_scheduler_progress_loop_suspends_until_continuation_publish	tests/numsim/v2/ports/test_internals_scheduler_polling_artifact.py::test_scheduler_progress_loop_suspends_until_continuation_publish	dropped stats poll_order pin
tests/numsim/integration/test_scheduler_polling_artifact.py::test_scheduler_progress_loop_suspends_until_done_publish	tests/numsim/v2/ports/test_internals_scheduler_polling_artifact.py::test_scheduler_progress_loop_suspends_until_done_publish	dropped stats poll_order pin
tests/numsim/integration/test_scheduler_polling_artifact.py::test_scheduler_progress_loop_cas_mismatch_lane_observes_in_body_write_epoch	tests/numsim/v2/ports/test_internals_scheduler_polling_artifact.py::test_scheduler_progress_loop_cas_mismatch_lane_observes_in_body_write_epoch	dropped stats poll_order pin
tests/numsim/integration/test_scheduler_polling_artifact.py::test_effectful_scheduler_loop_claims_ready_root_once	tests/numsim/v2/ports/test_internals_scheduler_polling_artifact.py::test_effectful_scheduler_loop_claims_ready_root_once	dropped stats poll_order pin
tests/numsim/integration/test_scheduler_polling_artifact.py::test_time_slice_preserves_lane_divergence_and_native_locals	tests/numsim/v2/ports/test_internals_scheduler_polling_artifact.py::test_time_slice_preserves_lane_divergence_and_native_locals	dropped stats poll_order pin
tests/numsim/integration/test_scheduler_polling_artifact.py::test_short_while_does_not_suspend	tests/numsim/v2/ports/test_internals_scheduler_polling_artifact.py::test_short_while_does_not_suspend	dropped stats poll_order pin
tests/numsim/integration/test_scheduler_polling_artifact.py::test_full_continue_still_reaches_time_slice	tests/numsim/v2/ports/test_internals_scheduler_polling_artifact.py::test_full_continue_still_reaches_time_slice	dropped stats poll_order pin
tests/numsim/integration/test_scheduler_polling_artifact.py::test_initially_false_while_never_executes_body_or_suspends	tests/numsim/v2/ports/test_internals_scheduler_polling_artifact.py::test_initially_false_while_never_executes_body_or_suspends	dropped stats poll_order pin
tests/numsim/integration/test_scheduler_polling_artifact.py::test_nested_while_inner_break_does_not_escape_time_sliced_outer_loop	tests/numsim/v2/ports/test_internals_scheduler_polling_artifact.py::test_nested_while_inner_break_does_not_escape_time_sliced_outer_loop	dropped stats poll_order pin
tests/numsim/runtime/test_async_group_domain_oracle.py::test_async_group_wait_counts_complete_on_an_empty_queue	tests/numsim/v2/ports/test_internals_async_group_domain_oracle.py::test_async_group_wait_counts_complete_on_an_empty_queue	dropped stats task_count/completed_task_count pins (completion asserted via result.status)
tests/numsim/runtime/test_atomic_domain_oracle.py::test_every_cuda_atomic_add_and_cas_form_executes_with_exact_bits	tests/numsim/v2/ports/test_internals_atomic_domain_oracle.py::test_every_cuda_atomic_add_and_cas_form_executes_with_exact_bits	dropped stats task_count/completed_task_count pins (completion asserted via result.status)
tests/numsim/runtime/test_atomic_f32_noftz.py::test_atomic_f32_noftz	tests/numsim/v2/ports/test_internals_atomic_f32_noftz.py::test_atomic_f32_noftz	dropped module.rust_source variant::Add<true> pin; 6/12 params pass (width 1); xfail v2_gap on the 6 width>1 params: predicated .v2/.v4 f32 atom/red updates destination for predicated-off lanes
tests/numsim/runtime/test_byte_pointer_view_alias.py::test_byte_pointer_can_form_a_wider_physical_alias	tests/numsim/v2/ports/test_internals_byte_pointer_view_alias.py::test_byte_pointer_can_form_a_wider_physical_alias	dropped module.rust_source pin
tests/numsim/runtime/test_float8_address_shuffle.py::test_float8_address_uses_one_byte_physical_pointer	tests/numsim/v2/ports/test_internals_float8_address_shuffle.py::test_float8_address_uses_one_byte_physical_pointer	dropped 2 module.rust_source pins
tests/numsim/runtime/test_float8_address_shuffle.py::test_cuda_four_argument_shfl_sync_uses_implicit_warp_size	tests/numsim/v2/ports/test_internals_float8_address_shuffle.py::test_cuda_four_argument_shfl_sync_uses_implicit_warp_size	dropped 2 module.rust_source pins
tests/numsim/runtime/test_loop_bounds.py::test_uniform_loop_var_preserves_tir_dtype_in_select	tests/numsim/v2/ports/test_internals_loop_bounds.py::test_uniform_loop_var_preserves_tir_dtype_in_select	dropped module.rust_source pin
tests/numsim/runtime/test_loop_bounds.py::test_lane_varying_min_extent_and_step_use_masked_native_loop	tests/numsim/v2/ports/test_internals_loop_bounds.py::test_lane_varying_min_extent_and_step_use_masked_native_loop;tests/numsim/v2/ports/test_internals_loop_bounds.py::test_lane_varying_for_rejects_zero_step	dropped 3 module.rust_source pins; zero-step half split out and xfail v2_gap: step 0 gives ExecutionError incomplete (analysis_incomplete loop budget 16777216) instead of an error (legacy 'For step must be positive'); error->incomplete
tests/numsim/runtime/test_loop_bounds.py::test_v0_style_nested_triangular_bounds	tests/numsim/v2/ports/test_internals_loop_bounds.py::test_v0_style_nested_triangular_bounds	dropped module.rust_source iteration_mask_loop count pin
tests/numsim/runtime/test_loop_bounds.py::test_static_zero_trip_for_omits_native_loop_scaffolding	tests/numsim/v2/ports/test_internals_loop_bounds.py::test_static_zero_trip_for_omits_native_loop_scaffolding	dropped 2 module.rust_source pins
tests/numsim/runtime/test_non_tensor_bulk_forms.py::test_bulk_g2s_cluster_accepts_static_true_predicate_as_unconditional	tests/numsim/v2/ports/test_internals_non_tensor_bulk_forms.py::test_bulk_g2s_cluster_accepts_static_true_predicate_as_unconditional	dropped call_op_names op-name pin
tests/numsim/runtime/test_non_tensor_bulk_forms.py::test_raw_bulk_prefetch_preserves_global_memory	tests/numsim/v2/ports/test_internals_non_tensor_bulk_forms.py::test_raw_bulk_prefetch_preserves_global_memory	dropped call_op_names op-name pin
tests/numsim/runtime/test_ordering_calls.py::test_ordering_only_calls_preserve_native_source_order	tests/numsim/v2/ports/test_internals_ordering_calls.py::test_ordering_only_calls_preserve_native_source_order	dropped KernelSpec.semantic_requirements and 3 module.rust_source pins
tests/numsim/runtime/test_ordering_calls.py::test_griddep_token_crosses_sequential_kernel_phases	tests/numsim/v2/ports/test_internals_ordering_calls.py::test_griddep_token_crosses_sequential_kernel_phases	dropped module.rust_source pin
tests/numsim/runtime/test_wait_until.py::test_rendezvous_matches_raw_spelling	tests/numsim/v2/ports/test_internals_wait_until.py::test_rendezvous_matches_raw_spelling;tests/numsim/v2/ports/test_internals_wait_until.py::test_rendezvous_raw_spelling_racecheck_is_undeclared_word_review	dropped _memory_variants/_declared_wait_count rust_source pins; raw-spelling racecheck verdict split out and xfail (semantic delta R3): v2 gives ('review',[('review','undeclared_protocol_word')]) not ('clean',[]) [W9: raw-spelling racecheck half now asserts the R3 behaviour (review UndeclaredProtocolWord), not xfail]
tests/numsim/runtime/test_wait_until.py::test_packed_wait_matches_raw_spelling	tests/numsim/v2/ports/test_internals_wait_until.py::test_packed_wait_matches_raw_spelling;tests/numsim/v2/ports/test_internals_wait_until.py::test_packed_wait_raw_spelling_racecheck_is_undeclared_word_review	dropped _memory_variants rust_source pin; raw-spelling racecheck verdict split out and xfail (semantic delta R3): v2 gives ('review',[('review','undeclared_protocol_word')]) not ('error',[('error','data_race')]) [W9: raw-spelling racecheck half now asserts the R3 behaviour (review UndeclaredProtocolWord), not xfail]
tests/numsim/runtime/test_wait_until.py::test_a_plain_access_on_a_declared_word_is_reported	tests/numsim/v2/ports/test_internals_wait_until.py::test_a_plain_access_on_a_declared_word_is_reported	dropped 'Hint:' report-text pin
tests/numsim/runtime/test_wait_until.py::test_bit_typed_word_matches_raw_spelling	tests/numsim/v2/ports/test_internals_wait_until.py::test_bit_typed_word_matches_raw_spelling	dropped _memory_variants rust_source pin
tests/numsim/runtime/test_wait_until.py::test_a_backoff_is_the_cuda_loops_business_and_not_the_engines	tests/numsim/v2/ports/test_internals_wait_until.py::test_a_backoff_is_the_cuda_loops_business_and_not_the_engines	dropped 2 module.rust_source nanosleep pins
