legacy_test	v2_status	items
tests/analysis_tools/shared/test_known_cuda_func_artifact.py::test_known_combine_int_frac_ex2_is_bit_exact	pin-internals	pin-internals=1
tests/analysis_tools/shared/test_known_cuda_func_artifact.py::test_known_shl_u32_clamp_is_bit_exact	pin-internals	pin-internals=1
tests/analysis_tools/shared/test_known_cuda_func_artifact.py::test_known_gdn_lg2_approx_ftz_flushes_subnormal_input	pass	pass=1
tests/analysis_tools/shared/test_known_cuda_func_artifact.py::test_known_fma_scale_sub_f32x2_computes_both_packed_lanes	pass	pass=1
tests/analysis_tools/shared/test_known_cuda_func_artifact.py::test_modified_gdn_lg2_helper_remains_fail_closed	pass	pass=1
tests/analysis_tools/shared/test_known_cuda_func_artifact.py::test_modified_known_helper_remains_fail_closed	pass	pass=1
tests/analysis_tools/shared/test_known_cuda_func_artifact.py::test_modified_packed_fma_helper_remains_fail_closed	pass	pass=1
tests/analysis_tools/shared/test_native_dynamic_launch.py::test_checker_binds_runtime_scalar_launch_extent	pass	pass=2
tests/analysis_tools/shared/test_native_dynamic_launch.py::test_checker_artifact_identity_tracks_launch_scalars_only	pass	pass=2
tests/analysis_tools/shared/test_native_predicated_reduction.py::test_checker_models_predicated_global_reduction	pass	pass=2
tests/analysis_tools/shared/test_native_shared_descriptor_table.py::test_checker_follows_matrix_descriptor_through_raw_shared_table	pass	pass=2
tests/analysis_tools/synccheck/runtime/test_device_additional_payload_ops.py::test_payload_runtime	other-assertion:delta+pin-internals	other-assertion=3 pin-internals=38
tests/analysis_tools/synccheck/test_reported_tool_regressions.py::test_reported_instruction_support	pass	pass=3
tests/analysis_tools/synccheck/test_reported_tool_regressions.py::test_ws_instruction_predication_matches_branch_election	pass	pass=1
tests/numsim/integration/test_deterministic_reexecution.py::test_repeated_full_launch_keeps_outputs_stats_and_poll_order_deterministic	pin-internals	pin-internals=1
tests/numsim/integration/test_float8_artifact.py::test_float8_buffers_use_one_byte_physical_storage_and_native_codecs	pass	pass=1
tests/numsim/integration/test_fp8_cta1_descriptor_layout.py::test_fp8_cta1_extended_shared_addresses	engine-stops	engine-stops=2
tests/numsim/integration/test_gemm_async_artifact.py::test_dense_gemm_async_starts_the_fma_chain_from_input_d	engine-stops	engine-stops=1
tests/numsim/integration/test_gemm_async_artifact.py::test_m64_tcgen_mma_uses_layout_f_independently_of_declared_tmem_layout	engine-stops	engine-stops=1
tests/numsim/integration/test_gemm_async_artifact.py::test_bf16_m64_tcgen_mma_uses_layout_f	engine-stops	engine-stops=1
tests/numsim/integration/test_gemm_async_artifact.py::test_m64_tcgen_mma_infers_weight_stationary_from_packed_layout_e	engine-stops	engine-stops=1
tests/numsim/integration/test_gemm_async_artifact.py::test_large_bf16_gemm_async_uses_one_engine_gemm	engine-stops	engine-stops=1
tests/numsim/integration/test_gemm_async_artifact.py::test_dense_gemm_async_reads_tmem_a_and_transposed_b_storage	engine-stops	engine-stops=1
tests/numsim/integration/test_gemm_async_artifact.py::test_cta_group2_banked_a_selects_matching_b_shard	engine-stops	engine-stops=1
tests/numsim/integration/test_global_alias_artifact.py::test_global_decl_buffer_alias_reuses_parameter_allocation_bytes	other-assertion:port	other-assertion=1
tests/numsim/integration/test_global_alias_artifact.py::test_global_dynamic_subview_can_reach_full_parameter_allocation	pass	pass=1
tests/numsim/integration/test_host_prelude.py::test_host_encoded_tensor_map_uses_its_typed_buffer_argument	pass	pass=1
tests/numsim/integration/test_host_prelude.py::test_explicit_tensor_map_override_updates_its_distinct_backing	pass	pass=1
tests/numsim/integration/test_host_prelude.py::test_host_encoded_tensor_map_is_accepted_by_native_checkers	pass	pass=1
tests/numsim/integration/test_host_prelude.py::test_host_encoded_tensor_map_can_reinterpret_byte_storage	pass	pass=1
tests/numsim/integration/test_host_prelude.py::test_host_encoded_tensor_map_base_offset_selects_the_backing_suffix	pass	pass=1
tests/numsim/integration/test_host_prelude.py::test_host_encoded_fp4_tensor_map_preserves_packed_bytes	pass	pass=1
tests/numsim/integration/test_host_prelude.py::test_dynamic_tensor_map_expressions_run_in_the_loaded_artifact_prologue	pin-internals	pin-internals=1
tests/numsim/integration/test_host_prelude.py::test_dynamic_tensor_map_prologue_is_shared_by_native_checkers	pass	pass=1
tests/numsim/integration/test_host_prelude.py::test_host_tensor_map_integer_expressions_fail_closed_on_unregistered_nodes	pass	pass=1
tests/numsim/integration/test_host_prelude.py::test_direct_cuda_launch_coordinates_match_numsim_topology	pass	pass=1
tests/numsim/integration/test_host_prelude.py::test_direct_cuda_launch_is_accepted_by_native_checkers	pass	pass=1
tests/numsim/integration/test_large_buffer_artifact.py::test_large_register_buffer_table_is_heap_backed_and_executes	pin-internals	pin-internals=1
tests/numsim/integration/test_memory_plan.py::test_evaluated_buffer_data_projection_is_a_structural_noop	pass	pass=1
tests/numsim/integration/test_memory_plan.py::test_dynamic_view_scope_annotation_does_not_reclassify_address_bits	pass	pass=1
tests/numsim/integration/test_memory_plan.py::test_mapa_source_in_a_nominal_global_declbuffer_keeps_runtime_address_resolution	pass	pass=1
tests/numsim/integration/test_memory_plan.py::test_conflicting_pool_capacity_attrs_fail_closed	pass	pass=1
tests/numsim/integration/test_memory_plan.py::test_malformed_pool_capacity_attr_fails_closed	pass	pass=1
tests/numsim/integration/test_memory_plan.py::test_all_declared_tmem_views_share_one_physical_backing	pass	pass=1
tests/numsim/integration/test_packed_ptx_cvt_and_return.py::test_packed_ptx_cvt_matches_instruction_lane_and_rounding_contract	pass	pass=1
tests/numsim/integration/test_packed_ptx_cvt_and_return.py::test_canonical_cvt_modifiers_match_ptx_semantics	pass	pass=1
tests/numsim/integration/test_packed_ptx_cvt_and_return.py::test_warp_uniform_early_return_removes_only_returning_warp	pass	pass=1
tests/numsim/integration/test_packed_ptx_cvt_and_return.py::test_low_precision_scalar_reinterpret_preserves_bits_and_decodes_values	pass	pass=1
tests/numsim/integration/test_permute_layout_artifact.py::test_global_nondefault_layout_consumes_physical_host_order	pass	pass=1
tests/numsim/integration/test_raw_versus_typed_cta2_mma.py::test_raw_cta2_mma_matches_the_typed_gemm_async_exactly	engine-stops	engine-stops=3
tests/numsim/integration/test_raw_versus_typed_cta2_mma.py::test_raw_cta2_ts_m128_selects_the_matching_a_lane_bank	engine-stops	engine-stops=1
tests/numsim/integration/test_register_layout_artifact.py::test_wg_local_layout_uses_tid_in_wg_as_owner_and_m_as_register_index	pin-internals	pin-internals=1
tests/numsim/integration/test_register_layout_artifact.py::test_tcgen_atom_layout_uses_warp_and_lane_owners	pin-internals	pin-internals=1
tests/numsim/integration/test_reported_layout_regressions.py::test_lane_owner_layout_has_one_private_register_slot_per_lane	pass	pass=1
tests/numsim/integration/test_reported_layout_regressions.py::test_one_register_m64_fragment_roundtrips_all_thread_values	pass	pass=1
tests/numsim/integration/test_reported_layout_regressions.py::test_explicit_shared_strides_use_executed_affine_addresses	pass	pass=1
tests/numsim/integration/test_reported_layout_regressions.py::test_explicit_shared_strides_still_reject_an_executed_oob_address	v2-accepts-legacy-rejection	v2-accepts-legacy-rejection=1
tests/numsim/integration/test_reported_layout_regressions.py::test_dynamic_shared_tile_view_uses_its_static_parent_bounds	pass	pass=1
tests/numsim/integration/test_reported_layout_regressions.py::test_reported_layouts_reach_each_semantic_checker	pass	pass=6
tests/numsim/integration/test_scheduler_polling_artifact.py::test_scheduler_progress_loop_suspends_until_continuation_publish	pin-internals	pin-internals=1
tests/numsim/integration/test_scheduler_polling_artifact.py::test_scheduler_progress_loop_does_not_replay_successful_root_claim	pass	pass=1
tests/numsim/integration/test_scheduler_polling_artifact.py::test_scheduler_progress_loop_suspends_until_done_publish	pin-internals	pin-internals=1
tests/numsim/integration/test_scheduler_polling_artifact.py::test_scheduler_progress_loop_cas_mismatch_lane_observes_in_body_write_epoch	pin-internals	pin-internals=1
tests/numsim/integration/test_scheduler_polling_artifact.py::test_effectful_scheduler_loop_claims_ready_root_once	pin-internals	pin-internals=1
tests/numsim/integration/test_scheduler_polling_artifact.py::test_time_slice_does_not_replay_body_side_effects_and_schedules_peer	other-assertion:port	other-assertion=1
tests/numsim/integration/test_scheduler_polling_artifact.py::test_time_slice_uses_configured_reschedule_quantum	other-assertion:port	other-assertion=1
tests/numsim/integration/test_scheduler_polling_artifact.py::test_finite_for_time_slice_schedules_peer_without_pattern_matching	other-assertion:port	other-assertion=1
tests/numsim/integration/test_scheduler_polling_artifact.py::test_finite_for_uses_native_loop_iteration_budget	pin-message(error->incomplete)	pin-message(error->incomplete)=1
tests/numsim/integration/test_scheduler_polling_artifact.py::test_time_slice_preserves_lane_divergence_and_native_locals	pin-internals	pin-internals=1
tests/numsim/integration/test_scheduler_polling_artifact.py::test_short_while_does_not_suspend	pin-internals	pin-internals=1
tests/numsim/integration/test_scheduler_polling_artifact.py::test_finite_loop_can_exceed_default_budget_when_configured	pin-message(error->incomplete)	pin-message(error->incomplete)=1
tests/numsim/integration/test_scheduler_polling_artifact.py::test_full_continue_still_reaches_time_slice	pin-internals	pin-internals=1
tests/numsim/integration/test_scheduler_polling_artifact.py::test_initially_false_while_never_executes_body_or_suspends	pin-internals	pin-internals=1
tests/numsim/integration/test_scheduler_polling_artifact.py::test_nested_while_inner_break_does_not_escape_time_sliced_outer_loop	pin-internals	pin-internals=1
tests/numsim/integration/test_scheduler_polling_artifact.py::test_integer_while_conditions_use_nonzero_truth_semantics	pass	pass=1
tests/numsim/integration/test_tcgen_transfer_artifact.py::test_tcgen_tmem_to_wg_local_uses_layout_owners	pass	pass=1
tests/numsim/integration/test_tcgen_transfer_artifact.py::test_large_f32_tmem_to_local_preserves_values	pass	pass=2
tests/numsim/integration/test_tcgen_transfer_artifact.py::test_m128_f32_tmem_slice_to_local_uses_bulk_layout_transfer	pass	pass=1
tests/numsim/integration/test_tcgen_transfer_artifact.py::test_same_width_tmem_dtype_view_preserves_physical_bits	pass	pass=1
tests/numsim/integration/test_tcgen_transfer_artifact.py::test_dynamic_tmem_origin_can_be_reused_across_transfers	pass	pass=1
tests/numsim/integration/test_tcgen_transfer_artifact.py::test_tcgen_wg_local_to_tmem_uses_one_physical_writer	pass	pass=1
tests/numsim/integration/test_tcgen_transfer_artifact.py::test_tcgen_16xb_roundtrip_preserves_16bit_register_halves	pass	pass=3
tests/numsim/integration/test_tcgen_transfer_artifact.py::test_tcgen_cp_bitcasts_uint8_scale_payload_into_float8_tmem	lowering-rejects	lowering-rejects=1
tests/numsim/integration/test_tcgen_transfer_artifact.py::test_tcgen_cp_cta_group2_reads_and_writes_each_cta_scale_backing	lowering-rejects	lowering-rejects=1
tests/numsim/integration/test_tcgen_transfer_artifact.py::test_tcgen_cp_cta_group2_routes_each_pair_in_four_cta_cluster	lowering-rejects	lowering-rejects=1
tests/numsim/integration/test_tcgen_transfer_artifact.py::test_all_inactive_tcgen_transfer_is_a_noop	pass	pass=1
tests/numsim/integration/test_tmem_artifact.py::test_tmem_layout_d_aliases_and_isolates_ctas	pass	pass=1
tests/numsim/integration/test_tmem_artifact.py::test_tmem_layout_f_maps_rows_to_half_slabs	engine-stops	engine-stops=1
tests/numsim/integration/test_tmem_artifact.py::test_tmem_subword_views_alias_one_physical_cell	pass	pass=1
tests/numsim/integration/test_tmem_artifact.py::test_tmem_runtime_address_without_a_dynamic_lease_is_rejected	pin-message	pin-message=1
tests/numsim/integration/test_tmem_artifact.py::test_tmem_runtime_address_uses_a_live_dynamic_lease	pass	pass=1
tests/numsim/integration/test_tmem_artifact.py::test_tmem_dynamic_lease_rejects_invalid_lifetimes_and_ranges	pin-message	pin-message=3
tests/numsim/integration/test_tmem_artifact.py::test_tmem_allocator_returns_nonzero_bases_and_reuses_released_ranges	pass	pass=1
tests/numsim/integration/test_tmem_artifact.py::test_tmem_live_allocation_at_kernel_exit_is_rejected	pass	pass=1
tests/numsim/integration/test_tmem_artifact.py::test_tmem_uninitialized_reads_are_zero_filled_and_require_review	pass	pass=1
tests/numsim/integration/test_warp_gemm_artifact.py::test_warp_gemm_gathers_and_scatters_register_fragments_by_layout	pass	pass=1
tests/numsim/integration/test_warp_gemm_artifact.py::test_larger_exec_scopes_run_one_mma_fragment_per_warp	pass	pass=2
tests/numsim/integration/test_warp_gemm_artifact.py::test_warp_gemm_rejects_layout_that_disagrees_with_instruction_abi	pass	pass=1
tests/numsim/integration/test_warp_gemm_artifact.py::test_warp_gemm_supports_registered_m16n8_family	pass	pass=4
tests/numsim/integration/test_warp_ops_artifact.py::test_warp_intrinsics_use_typed_engine_calls	pass	pass=1
tests/numsim/integration/test_warp_ops_artifact.py::test_warp_collectives_reject_invalid_participant_contracts	pin-message	pin-message=1
tests/numsim/runtime/test_approximate_f32_contract.py::test_tanh_approx_representative_executes	pass	pass=1
tests/numsim/runtime/test_approximate_f32_contract.py::test_f16x2_tanh_approx_representative_executes	pass	pass=1
tests/numsim/runtime/test_approximate_f32_contract.py::test_rsqrt_approx_ftz_representative_executes	pass	pass=1
tests/numsim/runtime/test_approximate_f32_contract.py::test_non_ftz_exp2_executes_and_preserves_subnormal_outputs	pass	pass=1
tests/numsim/runtime/test_approximate_f32_contract.py::test_bf16x2_exp2_executes_both_lanes_and_flushes_bf16_subnormals	pass	pass=1
tests/numsim/runtime/test_approximate_f32_contract.py::test_f16x2_exp2_executes_both_lanes_and_preserves_subnormal_results	pass	pass=1
tests/numsim/runtime/test_approximate_f32_contract.py::test_non_ftz_rcp_executes_and_preserves_subnormal_outputs	pass	pass=1
tests/numsim/runtime/test_approximate_f32_contract.py::test_worker_normalizes_rounding_without_polluting_the_caller	pass	pass=1
tests/numsim/runtime/test_approximate_f32_contract.py::test_output_comparison_does_not_guess_how_a_local_ulp_budget_propagates	pass	pass=1
tests/numsim/runtime/test_async_group_domain_oracle.py::test_async_group_wait_counts_complete_on_an_empty_queue	pin-internals	pin-internals=1
tests/numsim/runtime/test_async_release.py::test_async_release_payloads	pass	pass=10
tests/numsim/runtime/test_atomic_domain_oracle.py::test_every_cuda_atomic_add_and_cas_form_executes_with_exact_bits	pin-internals	pin-internals=1
tests/numsim/runtime/test_atomic_f32_noftz.py::test_atomic_f32_noftz	pin-internals	pin-internals=12
tests/numsim/runtime/test_atomic_f32_noftz.py::test_bulk_f32_noftz	pass	pass=1
tests/numsim/runtime/test_atomic_f32_noftz.py::test_noftz_keeps_atomic_memory_checks	pass	pass=2
tests/numsim/runtime/test_bar_reduce.py::test_bar_reduce	pass	pass=12
tests/numsim/runtime/test_bar_reduce.py::test_bar_reduce_invalid_controls	pass	pass=4
tests/numsim/runtime/test_byte_pointer_view_alias.py::test_byte_pointer_can_form_a_wider_physical_alias	pin-internals	pin-internals=1
tests/numsim/runtime/test_compare_predicates.py::test_compare_instruction_predicates	other-assertion	other-assertion=2
tests/numsim/runtime/test_copy_multicast32.py::test_multicast_high_bit_targets_and_bounds	other-assertion	other-assertion=4
tests/numsim/runtime/test_cp_async_mbarrier_visibility.py::test_copy_arrival_is_not_an_explicit_commit	synccheck-verdict	synccheck-verdict=1
tests/numsim/runtime/test_cp_async_mbarrier_visibility.py::test_copy_arrival_retains_earlier_copy_history	racecheck-verdict	racecheck-verdict=2
tests/numsim/runtime/test_cvt_carriers.py::test_cvt_carriers_truncate_extend_and_gate_reads	other-assertion	other-assertion=3
tests/numsim/runtime/test_cvt_integer_sat.py::test_integer_cvt_sat_clamps_before_narrowing_and_preserves_predicates	pass	pass=2
tests/numsim/runtime/test_dense_mma_forms.py::test_m16n8k32_mixed_int8_mma_matches_integer_reference	pass	pass=1
tests/numsim/runtime/test_dense_mma_forms.py::test_m16n8k32_no_c_uses_zero_accumulator	pass	pass=1
tests/numsim/runtime/test_dense_mma_forms.py::test_m16n8k16_integer_satfinite_clamps_after_accumulation	pass	pass=1
tests/numsim/runtime/test_dense_mma_forms.py::test_m16n8k8_f16_accumulator_uses_packed_output_registers	pass	pass=1
tests/numsim/runtime/test_dense_mma_forms.py::test_m16n8k8_f16_accepts_b32_backed_input_registers	pass	pass=1
tests/numsim/runtime/test_dense_mma_forms.py::test_m16n8k4_tf32_mma_matches_tf32_reference	pass	pass=1
tests/numsim/runtime/test_dense_mma_forms.py::test_m8n8k4_f64_mma_matches_fused_reference	pass	pass=1
tests/numsim/runtime/test_dense_mma_forms.py::test_m16n8k16_f64_mma_matches_fused_reference	pass	pass=1
tests/numsim/runtime/test_dense_mma_forms.py::test_m16n8k32_int4_uses_packed_b32_fragment_abi	pass	pass=1
tests/numsim/runtime/test_dense_mma_forms.py::test_m16n8k32_int4_satfinite_clamps_after_accumulation	pass	pass=1
tests/numsim/runtime/test_dense_mma_forms.py::test_m16n8k128_b1_xor_popc_matches_logical_reference	pass	pass=1
tests/numsim/runtime/test_dense_mma_forms.py::test_m16n8k32_mixed_fp8_uses_packed_fragment_abi	pass	pass=1
tests/numsim/runtime/test_dense_mma_forms.py::test_m16n8k16_mixed_fp8_supports_f16_accumulator	pass	pass=1
tests/numsim/runtime/test_dense_mma_forms.py::test_m8n8k4_f16_executes_four_independent_mmas	pass	pass=1
tests/numsim/runtime/test_discard.py::test_discard_range_and_predication	pass	pass=2
tests/numsim/runtime/test_discard.py::test_discard_indeterminate_read_and_alignment	other-assertion:bug	other-assertion=1
tests/numsim/runtime/test_dynamic_pure_call_runtime_domains.py::test_complete_integer_bitwise_and_shift_domain_executes	pass	pass=1
tests/numsim/runtime/test_dynamic_pure_call_runtime_domains.py::test_complete_if_then_else_domain_executes_both_branches	pass	pass=1
tests/numsim/runtime/test_dynamic_pure_call_runtime_domains.py::test_if_then_else_mixed_pointer_spaces_fail_closed	pin-message	pin-message=1
tests/numsim/runtime/test_dynamic_pure_call_runtime_domains.py::test_complete_tvm_shuffle_payload_domain_executes	pass	pass=1
tests/numsim/runtime/test_fetch_register_domain_oracle.py::test_every_fetch_register_form_matches_the_logical_topology	pin-internals	pin-internals=1
tests/numsim/runtime/test_flashkda_cuda_helpers.py::test_flashkda_math_helpers_have_reviewed_observable_semantics	pass	pass=1
tests/numsim/runtime/test_flashkda_cuda_helpers.py::test_flashkda_math_helper_semantic_mutations_fail_closed	pass	pass=3
tests/numsim/runtime/test_flashkda_cuda_helpers.py::test_flashkda_math_helper_dtype_mismatch_fails_closed	pass	pass=1
tests/numsim/runtime/test_float8_address_shuffle.py::test_float8_address_uses_one_byte_physical_pointer	pin-internals	pin-internals=1
tests/numsim/runtime/test_float8_address_shuffle.py::test_scalar_fp8_identity_reinterpret_rejects_256_payload_roundtrip	pass	pass=2
tests/numsim/runtime/test_float8_address_shuffle.py::test_cuda_four_argument_shfl_sync_uses_implicit_warp_size	pin-internals	pin-internals=1
tests/numsim/runtime/test_ftz_rounding.py::test_ftz_rounding_boundary	pass	pass=1
tests/numsim/runtime/test_ftz_rounding.py::test_ftz_rounding_boundary_gpu	skip	
tests/numsim/runtime/test_gate_intrinsics.py::test_gate_intrinsics_match_float32_semantics	engine-stops	engine-stops=1
tests/numsim/runtime/test_im2col_cache_hints.py::test_im2col_cache_hints	pass	pass=4
tests/numsim/runtime/test_launch_resource_facts.py::test_smid_defaults_to_zero_in_execution_and_both_checkers	pass	pass=1
tests/numsim/runtime/test_launch_resource_facts.py::test_pointer_bits_preserve_binding_address_and_subview_offset	other-assertion	other-assertion=1
tests/numsim/runtime/test_launch_resource_facts.py::test_exclusive_tmem_uses_cta_local_lifecycle_without_placement	engine-stops	engine-stops=1
tests/numsim/runtime/test_layout_lowering_contract.py::test_physical_buffers_preserve_coordinates_aliases_and_lane_private_storage	racecheck-verdict	racecheck-verdict=1
tests/numsim/runtime/test_layout_lowering_contract.py::test_shared_dyn_tile_layout_maps_logical_values_into_the_exact_physical_span	pass	pass=1
tests/numsim/runtime/test_layout_lowering_contract.py::test_compose_layout_combines_tile_and_swizzle_into_physical_alias_bytes	pass	pass=1
tests/numsim/runtime/test_layout_lowering_contract.py::test_overlapping_declared_views_observe_one_shared_physical_allocation	pass	pass=1
tests/numsim/runtime/test_layout_lowering_contract.py::test_runtime_shared_view_offset_selects_the_observable_backing_region	pass	pass=1
tests/numsim/runtime/test_layout_lowering_contract.py::test_typed_tma_uses_the_transpiler_lowered_swizzle_and_exposes_alias_writes	pass	pass=1
tests/numsim/runtime/test_layout_lowering_contract.py::test_tmem_tlane_tcol_coordinates_are_observable_through_a_physical_alias	engine-stops	engine-stops=1
tests/numsim/runtime/test_layout_lowering_contract.py::test_runtime_tmem_layout_base_selects_physical_columns	pass	pass=1
tests/numsim/runtime/test_layout_lowering_contract.py::test_local_view_exposes_raw_span_including_layout_gaps_and_offset	pass	pass=1
tests/numsim/runtime/test_ldmatrix_b8.py::test_ldmatrix_b8_layouts	pass	pass=12
tests/numsim/runtime/test_ldmatrix_b8.py::test_ldmatrix_s8_s4	pass	pass=3
tests/numsim/runtime/test_ldmatrix_b8.py::test_ldmatrix_b8_invalid_controls	pass	pass=3
tests/numsim/runtime/test_logic_carriers.py::test_logic_carriers_preserve_bits_and_masks	pass	pass=3
tests/numsim/runtime/test_logic_carriers.py::test_half_reinterpret_preserves_storage_payloads	skip	
tests/numsim/runtime/test_loop_bounds.py::test_uniform_loop_var_preserves_tir_dtype_in_select	pin-internals	pin-internals=1
tests/numsim/runtime/test_loop_bounds.py::test_lane_varying_min_extent_and_step_use_masked_native_loop	pin-internals	pin-internals=1
tests/numsim/runtime/test_loop_bounds.py::test_v0_style_nested_triangular_bounds	pin-internals	pin-internals=1
tests/numsim/runtime/test_loop_bounds.py::test_lane_varying_loop_supports_break_and_continue	pin-internals	pin-internals=1
tests/numsim/runtime/test_loop_bounds.py::test_static_zero_trip_for_omits_native_loop_scaffolding	pin-internals	pin-internals=1
tests/numsim/runtime/test_loop_bounds.py::test_static_single_trip_for_preserves_masks_and_loop_path	pin-internals	pin-internals=1
tests/numsim/runtime/test_matrix_memory_domain_oracle.py::test_ptx_ldmatrix_x1_x2_domain_matches_independent_lane_byte_mapping	pass	pass=1
tests/numsim/runtime/test_matrix_memory_domain_oracle.py::test_stmatrix_b16_x1_domain_matches_independent_lane_half_mapping	pass	pass=1
tests/numsim/runtime/test_matrix_memory_domain_oracle.py::test_stmatrix_b8_x4_domain_matches_independent_lane_byte_mapping	pass	pass=1
tests/numsim/runtime/test_mbarrier_drop.py::test_mbarrier_drop	pass	pass=8
tests/numsim/runtime/test_mbarrier_lane_semantics.py::test_blocking_wait_fails_closed_for_mixed_lane_readiness	pin-message(error->incomplete)	pin-message(error->incomplete)=1
tests/numsim/runtime/test_mbarrier_lane_semantics.py::test_issue_time_numeric_completions_allow_distinct_barrier_waits	pass	pass=1
tests/numsim/runtime/test_mbarrier_lane_semantics.py::test_nonblocking_queries_snapshot_lane_varying_conditions	pass	pass=1
tests/numsim/runtime/test_mbarrier_lane_semantics.py::test_checkers_allow_lane_varying_nonblocking_queries	pass	pass=2
tests/numsim/runtime/test_mbarrier_lane_semantics.py::test_remote_arrive_honors_lane_varying_target_and_predicate	pass	pass=1
tests/numsim/runtime/test_mbarrier_lane_semantics.py::test_current_mbarrier_arrival_and_completion_forms_advance_protocol	pass	pass=1
tests/numsim/runtime/test_mbarrier_lane_semantics.py::test_standalone_mbarrier_expect_tx_arms_without_consuming_an_arrival	pass	pass=1
tests/numsim/runtime/test_mbarrier_lane_semantics.py::test_mbarrier_init_honors_elected_lane_predicate	pass	pass=1
tests/numsim/runtime/test_mbarrier_maintenance.py::test_maintenance_predicates_and_carriers	other-assertion	other-assertion=1
tests/numsim/runtime/test_mbarrier_maintenance.py::test_maintenance_active_addresses_still_checked	other-assertion:delta	other-assertion=1
tests/numsim/runtime/test_mbarrier_multicast.py::test_mbarrier_multicast32	racecheck-verdict	pass=2 racecheck-verdict=6
tests/numsim/runtime/test_mbarrier_multicast.py::test_mbarrier_multicast_lane_masks	racecheck-verdict	racecheck-verdict=1
tests/numsim/runtime/test_mbarrier_pending_count.py::test_pending_count_snapshot	pass	pass=2
tests/numsim/runtime/test_mbarrier_report.py::test_report_queries_and_phase_reset	synccheck-verdict	pass=2 synccheck-verdict=4
tests/numsim/runtime/test_mbarrier_report.py::test_tensor_copy_report	pass	pass=2
tests/numsim/runtime/test_mbarrier_report.py::test_gather4_report_samples_only_selected_source_rows	synccheck-verdict	pass=2 synccheck-verdict=2
tests/numsim/runtime/test_mbarrier_report.py::test_multicast_report_targets	pass	pass=3
tests/numsim/runtime/test_memory_coverage_next.py::test_next_memory_contracts	pass	pass=4
tests/numsim/runtime/test_memory_coverage_next.py::test_no_complete_rejects_exhausted_arrivals	other-assertion:delta	other-assertion=2
tests/numsim/runtime/test_memory_coverage_next.py::test_ldu_rejects_nonuniform_or_misaligned_vector	pin-message	pin-message=2
tests/numsim/runtime/test_memory_coverage_next.py::test_tensor_map_ftz_types_preserve_copy_values	pass	pass=2
tests/numsim/runtime/test_memory_coverage_next.py::test_tensor_map_update_requires_release	pass	pass=1
tests/numsim/runtime/test_memory_sync_coverage.py::test_memory_sync_extensions	other-assertion:bug+racecheck-verdict	other-assertion=1 pass=5 racecheck-verdict=1
tests/numsim/runtime/test_memory_sync_coverage.py::test_half_vector_predicate_alias_is_captured_before_either_result_store	pass	pass=1
tests/numsim/runtime/test_memory_sync_coverage.py::test_half_atomic_old_value_preserves_signed_zero_subnormal_and_nan_bits	pass	pass=1
tests/numsim/runtime/test_mov_forms.py::test_mov_aliased_sources_destinations_and_predicate	pass	pass=1
tests/numsim/runtime/test_mov_forms.py::test_mov_pointer_identity_masks_and_nulls	synccheck-verdict	synccheck-verdict=1
tests/numsim/runtime/test_mxf8_cta2.py::test_raw_mxf8_cta2_m128_checks_ownership_and_values	pass	pass=2
tests/numsim/runtime/test_mxf8_cta2.py::test_raw_mxf8_cta2_rejects_invalid_scale_copies	pass	pass=2
tests/numsim/runtime/test_non_tensor_bulk_forms.py::test_bulk_g2s_cluster_false_predicate_does_not_access_uninitialized_barrier	pass	pass=1
tests/numsim/runtime/test_non_tensor_bulk_forms.py::test_bulk_g2s_cta_two_issuing_lanes_credit_both_transfers	pass	pass=1
tests/numsim/runtime/test_non_tensor_bulk_forms.py::test_raw_bulk_s2c_preserves_mapped_remote_cta_ownership	racecheck-verdict	racecheck-verdict=1
tests/numsim/runtime/test_non_tensor_bulk_forms.py::test_raw_st_async_preserves_mapped_expression_byte_offset	pass	pass=1
tests/numsim/runtime/test_non_tensor_bulk_forms.py::test_mapped_shared_address_rejects_invalid_consumed_bits	pass	pass=3
tests/numsim/runtime/test_non_tensor_bulk_forms.py::test_ignore_oob_copies_only_the_valid_middle	pass	pass=3
tests/numsim/runtime/test_non_tensor_bulk_forms.py::test_ignore_oob_dead_bytes_are_zero_filled_and_require_review_if_read	pass	pass=1
tests/numsim/runtime/test_non_tensor_bulk_forms.py::test_ignore_oob_rejects_counts_outside_ptx_range	pass	pass=2
tests/numsim/runtime/test_non_tensor_bulk_forms.py::test_ignore_oob_allows_the_ignored_right_edge_outside_the_binding	pass	pass=1
tests/numsim/runtime/test_non_tensor_bulk_forms.py::test_st_bulk_size_is_evaluated_per_issuing_lane	other-assertion:bug	other-assertion=1
tests/numsim/runtime/test_non_tensor_bulk_forms.py::test_bulk_s2g_size_and_byte_mask_are_evaluated_per_issuing_lane	pass	pass=1
tests/numsim/runtime/test_non_tensor_bulk_forms.py::test_bulk_multicast_cta_mask_is_evaluated_per_issuing_lane	pass	pass=1
tests/numsim/runtime/test_non_tensor_bulk_forms.py::test_bulk_g2s_cluster_accepts_static_true_predicate_as_unconditional	pin-internals	pin-internals=1
tests/numsim/runtime/test_non_tensor_bulk_forms.py::test_raw_bulk_prefetch_preserves_global_memory	pin-internals	pin-internals=1
tests/numsim/runtime/test_ordering_calls.py::test_ordering_only_calls_preserve_native_source_order	pin-internals	pin-internals=1
tests/numsim/runtime/test_ordering_calls.py::test_setmaxnreg_is_an_ordering_call_not_a_tcgen_lifecycle_call	engine-stops	engine-stops=1
tests/numsim/runtime/test_ordering_calls.py::test_setmaxnreg_static_expressions_follow_public_parser_and_runtime	engine-stops	engine-stops=1
tests/numsim/runtime/test_ordering_calls.py::test_setmaxnreg_requires_explicit_warpgroup_sync_before_a_later_call	pin-message	pin-message=1
tests/numsim/runtime/test_ordering_calls.py::test_setmaxnreg_rejects_warp_disagreement_within_one_occurrence	pin-message	pin-message=1
tests/numsim/runtime/test_ordering_calls.py::test_setmaxnreg_accepts_equivalent_requests_from_distinct_branch_sites	pass	pass=1
tests/numsim/runtime/test_ordering_calls.py::test_deleting_setmaxnreg_keeps_the_numerical_result	engine-stops	engine-stops=1
tests/numsim/runtime/test_ordering_calls.py::test_default_full_mask_warp_sync_rejects_divergent_execution	pin-message(error->incomplete)	pin-message(error->incomplete)=1
tests/numsim/runtime/test_ordering_calls.py::test_griddep_token_crosses_sequential_kernel_phases	pin-internals	pin-internals=1
tests/numsim/runtime/test_packed_f16x2_arithmetic.py::test_scalar_f16_add_rounds_once_to_binary16	pass	pass=1
tests/numsim/runtime/test_packed_f16x2_arithmetic.py::test_packed_f16x2_subtracts_both_halves_with_one_rounding_step	pass	pass=1
tests/numsim/runtime/test_packed_f16x2_arithmetic.py::test_packed_bf16x2_subtracts_both_halves_with_one_rounding_step	pass	pass=1
tests/numsim/runtime/test_packed_f16x2_arithmetic.py::test_packed_f16x2_multiplies_both_halves_with_one_rounding_step	pass	pass=1
tests/numsim/runtime/test_packed_f16x2_arithmetic.py::test_half_subtract_modifiers	pass	pass=3
tests/numsim/runtime/test_packed_float4_global_views.py::test_explicit_uint8_backing_supplies_two_float4_values_per_byte	pass	pass=1
tests/numsim/runtime/test_packed_float4_global_views.py::test_direct_one_byte_per_value_float4_array_is_rejected	pass	pass=1
tests/numsim/runtime/test_packed_float4_global_views.py::test_odd_float4_logical_count_uses_a_ceiling_byte_span	pass	pass=1
tests/numsim/runtime/test_packed_float4_global_views.py::test_global_alias_view_uses_layout_physical_span	pass	pass=1
tests/numsim/runtime/test_pointer_null.py::test_isnullptr_on_backed_pointers	pass	pass=1
tests/numsim/runtime/test_pointer_null.py::test_numeric_null_predicate_compares_bits_without_resolving_memory	pass	pass=1
tests/numsim/runtime/test_pointer_slot_arrays.py::test_pointer_array_initialization_and_bounds	pin-message+synccheck-verdict	pass=1 pin-message=1 synccheck-verdict=1
tests/numsim/runtime/test_pointer_slot_arrays.py::test_pointer_array_alias_and_suspension	pass	pass=1
tests/numsim/runtime/test_ptx_atomic_cas.py::test_atom_cas_returns_the_prior_value_and_swaps	pass	pass=1
tests/numsim/runtime/test_ptx_atomic_cas.py::test_atom_cas_supports_b16_signed_carriers	pass	pass=1
tests/numsim/runtime/test_ptx_atomic_cas.py::test_atom_cas_supports_global_b64	pass	pass=1
tests/numsim/runtime/test_ptx_clmad.py::test_ptx_clmad_hi_and_lo_match_independent_gf2_oracle	pass	pass=1
tests/numsim/runtime/test_ptx_cvt_94.py::test_ptx94_non_pzo_cvt_families_match_independent_bit_oracle	pass	pass=1
tests/numsim/runtime/test_ptx_cvt_94.py::test_ptx94_pzo_normalizes_each_negative_zero_after_narrow_conversion	pass	pass=1
tests/numsim/runtime/test_ptx_cvt_packed_forms.py::test_f6_form_transpiles_and_preserves_exact_half_bits	pass	pass=1
tests/numsim/runtime/test_ptx_cvt_pzo.py::test_pzo_is_post_conversion_and_applies_to_each_packed_result	pass	pass=1
tests/numsim/runtime/test_ptx_integer_arithmetic.py::test_ptx_div_all_legal_forms_match_independent_integer_oracle	pass	pass=1
tests/numsim/runtime/test_ptx_integer_arithmetic.py::test_ptx_rem_all_legal_forms_match_independent_integer_oracle	pass	pass=1
tests/numsim/runtime/test_ptx_integer_arithmetic.py::test_ptx_sad_all_legal_forms_match_independent_integer_oracle	pass	pass=1
tests/numsim/runtime/test_ptx_integer_arithmetic.py::test_ptx_mul24_all_legal_forms_match_independent_integer_oracle	pass	pass=1
tests/numsim/runtime/test_ptx_integer_arithmetic.py::test_ptx_mul_wide_all_legal_forms_match_independent_integer_oracle	pass	pass=1
tests/numsim/runtime/test_ptx_integer_arithmetic.py::test_ptx_mad24_all_legal_forms_match_independent_integer_oracle	pass	pass=1
tests/numsim/runtime/test_ptx_integer_arithmetic.py::test_ptx_mad_wide_all_legal_forms_match_independent_integer_oracle	pass	pass=1
tests/numsim/runtime/test_ptx_integer_arithmetic.py::test_ptx_dp2a_all_legal_forms_match_independent_packed_lane_oracle	pass	pass=1
tests/numsim/runtime/test_ptx_integer_arithmetic.py::test_ptx_dp4a_all_legal_forms_match_independent_packed_lane_oracle	pass	pass=1
tests/numsim/runtime/test_ptx_integer_arithmetic.py::test_ptx_neg_int_all_legal_forms_match_wrapping_negation_oracle	pass	pass=1
tests/numsim/runtime/test_ptx_integer_arithmetic.py::test_ptx_integer_division_by_zero_fails_closed_at_the_faulting_lane	pin-message	pin-message=2
tests/numsim/runtime/test_ptx_integer_arithmetic.py::test_ptx_signed_division_overflow_fails_closed	pin-message	pin-message=2
tests/numsim/runtime/test_ptx_integer_arithmetic.py::test_ptx_signed_rem_machine_specific_negative_rounding_fails_closed	pass	pass=1
tests/numsim/runtime/test_ptx_lop3.py::test_ptx_lop3_all_destination_shapes_match_truth_table_oracle	pass	pass=3
tests/numsim/runtime/test_ptx_mixed_vector_arithmetic.py::test_all_36_mixed_vector_arithmetic_forms_execute_with_packed_lane_semantics	pass	pass=1
tests/numsim/runtime/test_ptx_move_pack_extended.py::test_cvt_pack_matches_saturating_two_field_oracle	pass	pass=1
tests/numsim/runtime/test_ptx_move_pack_extended.py::test_cvt_pack_c_matches_all_six_subbyte_forms_and_b32_carrier_bits	pass	pass=1
tests/numsim/runtime/test_ptx_move_pack_extended.py::test_mov_pack_b16x4_places_first_integer_carrier_in_low_bits	pass	pass=1
tests/numsim/runtime/test_ptx_move_pack_extended.py::test_mov_unpack_b16x4_preserves_lane_order_and_explicit_sinks	pass	pass=1
tests/numsim/runtime/test_ptx_move_pack_extended.py::test_mov_b16x4_roundtrip_preserves_every_low_precision_payload_bit	pass	pass=2
tests/numsim/runtime/test_ptx_move_pack_extended.py::test_mov_pack_b32x4_preserves_float_carrier_payloads_and_lane_order	pass	pass=1
tests/numsim/runtime/test_ptx_move_pack_extended.py::test_mov_unpack_b32x4_preserves_b128_halves_as_float_carrier_bits	pass	pass=1
tests/numsim/runtime/test_ptx_move_pack_extended.py::test_mov_unpack_b64x2_preserves_low_then_high_halves_as_float_bits	pass	pass=1
tests/numsim/runtime/test_ptx_new_register_semantics.py::test_ptx_new_register_semantics_match_independent_oracles	pass	pass=1
tests/numsim/runtime/test_ptx_new_register_semantics.py::test_ptx_scalar_moves_and_mad_lo_s64_match_bit_and_wrap_oracles	pass	pass=1
tests/numsim/runtime/test_ptx_register_bits.py::test_ptx_selp_b16_selects_raw_halfword_bits	pass	pass=1
tests/numsim/runtime/test_ptx_register_bits.py::test_ptx_selp_b32_selects_signed_carrier_bits	pass	pass=1
tests/numsim/runtime/test_ptx_register_bits.py::test_ptx_half_abs_and_setp_match_bitwise_numpy_oracle	pass	pass=1
tests/numsim/runtime/test_ptx_register_bits.py::test_ptx_register_bit_ops_match_ptx_value_and_bit_semantics	pass	pass=1
tests/numsim/runtime/test_ptx_register_bits.py::test_ptx_b128_move_packs_two_uint64_halves_without_truncation	pass	pass=1
tests/numsim/runtime/test_ptx_register_bits.py::test_ptx_scalar_move_and_shift_match_bitwise_numpy_oracle	pass	pass=1
tests/numsim/runtime/test_ptx_register_bits.py::test_ptx_scalar_shift_right_matches_signed_numpy_oracle	pass	pass=1
tests/numsim/runtime/test_ptx_register_bits.py::test_ptx_packed_f16_minmax_matches_componentwise_numpy_oracle	pass	pass=1
tests/numsim/runtime/test_ptx_register_bits.py::test_ptx_setp_and_predicate_selp_match_numpy_control_oracle	pass	pass=1
tests/numsim/runtime/test_ptx_register_bits.py::test_ptx_or_pred_matches_boolean_truth_table	pass	pass=1
tests/numsim/runtime/test_ptx_register_bits.py::test_ptx_setp_f32_nan_and_unordered_relations_match_ptx	pass	pass=1
tests/numsim/runtime/test_ptx_register_bits.py::test_ptx_typed_move_and_b16_pack_preserve_source_bits	pass	pass=1
tests/numsim/runtime/test_ptx_register_bits.py::test_latest_canonical_scalar_forms_match_independent_numpy_oracle	pass	pass=1
tests/numsim/runtime/test_ptx_rm_zero_sign.py::test_ptx_round_down_exact_cancellation_has_negative_zero_bits	pass	pass=1
tests/numsim/runtime/test_ptx_set_packed.py::test_ptx_set_packed_all_legal_forms_match_independent_lane_oracle	pass	pass=1
tests/numsim/runtime/test_ptx_set_packed.py::test_ptx_set_packed_preserves_every_b32_carrier_cross_product	pass	pass=1
tests/numsim/runtime/test_ptx_spdecompress.py::test_ptx_spdecompress_matches_low_bit_first_sparse_scatter	pass	pass=1
tests/numsim/runtime/test_ptx_spdecompress.py::test_ptx_spdecompress_executes_the_128_register_output_boundary	pass	pass=1
tests/numsim/runtime/test_ptx_spdecompress.py::test_ptx_spdecompress_rejects_metadata_index_at_or_above_dst	pass	pass=1
tests/numsim/runtime/test_raw_pointer_runtime_domain.py::test_raw_ptx_64bit_runtime_domain_preserves_exact_bytes	pass	pass=1
tests/numsim/runtime/test_raw_pointer_runtime_domain.py::test_pointer_offset_runtime_domain_uses_exact_byte_offsets_and_aliases	pass	pass=1
tests/numsim/runtime/test_raw_pointer_runtime_domain.py::test_access_ptr_float32_runtime_domain_preserves_nested_alias_offsets	pass	pass=1
tests/numsim/runtime/test_raw_pointer_runtime_domain.py::test_shared_handle_address_runtime_domain_preserves_relative_byte_addresses	pass	pass=1
tests/numsim/runtime/test_raw_pointer_runtime_domain.py::test_packed_float4_address_maps_each_nibble_pair_to_one_byte	pass	pass=1
tests/numsim/runtime/test_readonly_proxy.py::test_readonly_proxy_values_and_disjoint_writes	pass	pass=3
tests/numsim/runtime/test_readonly_proxy.py::test_readonly_proxy_rejects_same_value_write_in_either_order	pass	pass=2
tests/numsim/runtime/test_red_async.py::test_red_async	racecheck-verdict	racecheck-verdict=12
tests/numsim/runtime/test_register_extensions.py::test_register_extensions	pass	pass=4
tests/numsim/runtime/test_register_extensions.py::test_register_extensions_gpu	skip	
tests/numsim/runtime/test_scalar_control.py::test_directed_f64_rounding_preserves_the_predecessor_of_one	pass	pass=1
tests/numsim/runtime/test_scalar_control.py::test_scalar_and_warp_intrinsics_execute_with_native_semantics	pass	pass=1
tests/numsim/runtime/test_scalar_control.py::test_three_source_nan_minmax_propagates_any_nan	pass	pass=1
tests/numsim/runtime/test_scalar_control.py::test_timer_finalize_is_a_numerical_noop	pass	pass=1
tests/numsim/runtime/test_scalar_control.py::test_cuda_shuffle_rejects_invalid_width	pass	pass=1
tests/numsim/runtime/test_scalar_control.py::test_shuffle_xor_width_can_read_an_earlier_group	pass	pass=1
tests/numsim/runtime/test_scalar_control.py::test_cuda_packed_ops_use_gpu_canonical_nan_encodings	pass	pass=1
tests/numsim/runtime/test_scalar_control.py::test_cta_votes_grid_sync_and_ordering_markers	pass	pass=1
tests/numsim/runtime/test_scalar_control.py::test_mbarrier_one_shot_queries_observe_parity	pass	pass=1
tests/numsim/runtime/test_scalar_control.py::test_mbarrier_arrival_state_token_selects_the_exact_completed_generation	pass	pass=1
tests/numsim/runtime/test_scalar_control.py::test_mbarrier_state_token_rejects_a_generation_older_than_the_previous_one	pin-message	pin-message=1
tests/numsim/runtime/test_scalar_control.py::test_pointer_conversions_and_runtime_descriptor_patch	engine-stops	engine-stops=1
tests/numsim/runtime/test_scalar_control.py::test_ptx_dps_sub_and_f64_arithmetic	pass	pass=1
tests/numsim/runtime/test_scalar_control.py::test_ptx_dps_rounding_ftz_and_saturation_forms	pass	pass=1
tests/numsim/runtime/test_scalar_control.py::test_canonical_mapa_integer_address_resolves_shared_memory	pass	pass=1
tests/numsim/runtime/test_scalar_control.py::test_public_mapa_u64_and_shared_cluster_widths_transpile	pass	pass=1
tests/numsim/runtime/test_scalar_control.py::test_public_cvta_shared_cluster_u64_zero_extends_shared_addresses	pass	pass=1
tests/numsim/runtime/test_scalar_control.py::test_mapa_and_cvta_expose_the_device_validated_integer_bits	other-assertion:bug	other-assertion=1
tests/numsim/runtime/test_scalar_control.py::test_mapped_addresses_survive_integer_storage_select_and_shuffle	pass	pass=1
tests/numsim/runtime/test_scalar_control.py::test_mapa_u32_preserves_the_remote_cta_rank	pass	pass=1
tests/numsim/runtime/test_scalar_control.py::test_fetch_register_models_logical_coordinates_and_uses_stable_time_tokens	pass	pass=1
tests/numsim/runtime/test_scalar_control.py::test_fetch_register_separates_launched_warps_from_sm100_warp_identifier_capacity	pass	pass=1
tests/numsim/runtime/test_scalar_control.py::test_integer_trap_predicate_uses_cpp_truth_conversion	pin-message	pin-message=1
tests/numsim/runtime/test_scalar_control.py::test_floating_collective_predicates_use_cpp_truth_conversion	pass	pass=1
tests/numsim/runtime/test_scalar_control.py::test_floating_trap_accepts_nonzero_and_nan	pass	pass=2
tests/numsim/runtime/test_scalar_control.py::test_floating_trap_rejects_signed_zero	pin-message	pin-message=2
tests/numsim/runtime/test_scalar_control.py::test_cuda_pointer_helpers_check_typed_dereference_alignment	pin-message	pin-message=1
tests/numsim/runtime/test_scalar_control.py::test_named_barrier_arrive_contributes_without_blocking	pass	pass=1
tests/numsim/runtime/test_scalar_control.py::test_unaligned_named_barrier_recombines_disjoint_lane_paths	pass	pass=1
tests/numsim/runtime/test_scalar_control.py::test_current_scalar_device_intrinsics_have_stable_numeric_representatives	pass	pass=1
tests/numsim/runtime/test_scalar_control.py::test_packed_f16x2_conversion_rounds_and_preserves_register_order	pass	pass=1
tests/numsim/runtime/test_scalar_f64_rounding.py::test_scalar_f64_rounding	pass	pass=6
tests/numsim/runtime/test_scalar_f64_rounding.py::test_scalar_f64_rounding_gpu	skip	
tests/numsim/runtime/test_shared_descriptor_choices.py::test_shared_descriptor_choices_validate_the_consumed_bits	pass	pass=4
tests/numsim/runtime/test_sm107_register_predicates.py::test_sm107_register_predicates	other-assertion	other-assertion=1 pass=1
tests/numsim/runtime/test_sparse_mma_forms.py::test_sparse_float8_k64_matches_reference	pass	pass=1
tests/numsim/runtime/test_sparse_mma_forms.py::test_sparse_f16_k32_uses_thread_pair_metadata	pass	pass=1
tests/numsim/runtime/test_sparse_mma_forms.py::test_sparse_tf32_k8_uses_one_of_two_metadata	pass	pass=1
tests/numsim/runtime/test_sparse_mma_forms.py::test_sparse_int8_k64_uses_all_thread_metadata	pass	pass=1
tests/numsim/runtime/test_sync_instruction_predicates.py::test_pending_count_instruction_predicates	other-assertion	other-assertion=1
tests/numsim/runtime/test_sync_runtime_domain_oracle.py::test_mbarrier_query_modifier_domain_matches_barrier_phase	pass	pass=1
tests/numsim/runtime/test_sync_runtime_domain_oracle.py::test_ordering_and_cp_async_mbarrier_modifier_forms_preserve_values	pass	pass=1
tests/numsim/runtime/test_sync_runtime_domain_oracle.py::test_tvm_storage_sync_roundtrip_preserves_shared_values	pass	pass=1
tests/numsim/runtime/test_sync_runtime_domain_oracle.py::test_cp_async_mbarrier_noinc_arrives_immediately_only_for_lanes_without_prior_work	pass	pass=1
tests/numsim/runtime/test_sync_runtime_domain_oracle.py::test_cp_async_mbarrier_noinc_accepts_bound_raw_shared_offset	pass	pass=1
tests/numsim/runtime/test_sync_runtime_domain_oracle.py::test_remote_expect_tx_completes_the_named_ctas_barrier	pass	pass=1
tests/numsim/runtime/test_sync_runtime_domain_oracle.py::test_clc_no_work_completion_and_cluster_acquire_wait	pass	pass=1
tests/numsim/runtime/test_sync_runtime_domain_oracle.py::test_sm100_pair_base_handle_form_routes_both_ctas	pass	pass=1
tests/numsim/runtime/test_tcgen05_ld_red.py::test_tcgen_load_reduction_matches_column_oracle	pass	pass=4
tests/numsim/runtime/test_tcgen05_ld_spcompress.py::test_tcgen_load_compression	synccheck-verdict	synccheck-verdict=3
tests/numsim/runtime/test_tcgen05_restricted_commit.py::test_restricted_commit_preserves_full_mma_completion	pass	pass=3
tests/numsim/runtime/test_tcgen05_sparse_b16.py::test_sparse_b16_layouts_and_codecs	pass	pass=6
tests/numsim/runtime/test_tcgen05_sparse_b16.py::test_sparse_b16_invalid_metadata	pass	pass=1
tests/numsim/runtime/test_tcgen05_sparse_block.py::test_sparse_block_scales_and_metadata	pass	pass=5
tests/numsim/runtime/test_tcgen05_sparse_block.py::test_sparse_block_descriptor_boundaries	pass	pass=1
tests/numsim/runtime/test_tcgen05_sparse_k128.py::test_sparse_k128_packing_scales_and_transpose	pass	pass=6
tests/numsim/runtime/test_tcgen05_sparse_narrow.py::test_sparse_narrow_layouts_and_codecs	pass	pass=6
tests/numsim/runtime/test_tcgen05_sparse_narrow.py::test_sparse_narrow_k128	pass	pass=7
tests/numsim/runtime/test_tcgen05_tf32.py::test_tf32_sparse_metadata	pass	pass=4
tests/numsim/runtime/test_tcgen05_ti16.py::test_ti16_exact_accumulation	pass	pass=8
tests/numsim/runtime/test_tcgen05_ti16.py::test_ti16_ws_banks_and_column_mask	pass	pass=6
tests/numsim/runtime/test_tcgen05_ti16.py::test_sparse_ti16_metadata	pass	pass=12
tests/numsim/runtime/test_tcgen_commit_predicates.py::test_tcgen_commit_predicates_gate_all_operands	pass	pass=2
tests/numsim/runtime/test_tcgen_lut_b.py::test_dense_lut_b_segments_and_cta_partition	pass	pass=4
tests/numsim/runtime/test_tcgen_lut_b.py::test_block_lut_b_scales_and_packed_tmem	pass	pass=4
tests/numsim/runtime/test_tcgen_misc_runtime_domain.py::test_tcgen_matrix_descriptor_swizzle1_packs_reviewed_fields	pass	pass=1
tests/numsim/runtime/test_tcgen_misc_runtime_domain.py::test_tcgen_matrix_descriptor_encodes_offset_without_cluster_rank	pass	pass=1
tests/numsim/runtime/test_tcgen_misc_runtime_domain.py::test_tcgen_lifecycle_accepts_full_256_column_allocation	pass	pass=1
tests/numsim/runtime/test_tcgen_misc_runtime_domain.py::test_tcgen_commit_accepts_explicit_uint32_predicate	pass	pass=1
tests/numsim/runtime/test_tensormap_predicates.py::test_tensor_map_predicate_effects	racecheck-verdict	racecheck-verdict=1
tests/numsim/runtime/test_tensormap_predicates.py::test_tensor_map_predicates_retain_errors	pass	pass=1
tests/numsim/runtime/test_tf32_layout_f_poison.py::test_tf32_layout_f_unwritten_holes_are_zero_filled_and_require_review	engine-stops	engine-stops=1
tests/numsim/runtime/test_tile_general_semantics.py::test_right_aligned_buffer_broadcast_maps_destination_coordinates	other-assertion:delta	other-assertion=1
tests/numsim/runtime/test_tile_general_semantics.py::test_integer_add_sub_mul_use_wrapping_arithmetic	pass	pass=8
tests/numsim/runtime/test_tile_general_semantics.py::test_fdiv_rounding_config_matches_current_cuda_scalar_fallback	pass	pass=1
tests/numsim/runtime/test_tile_general_semantics.py::test_elementwise_maximum_matches_pairwise_values	pass	pass=1
tests/numsim/runtime/test_tile_general_semantics.py::test_float64_elementwise_forms_use_native_double_semantics	pass	pass=1
tests/numsim/runtime/test_tile_general_semantics.py::test_float64_directed_rounding_fails_closed	pass	pass=1
tests/numsim/runtime/test_tile_general_semantics.py::test_cast_uses_general_scalar_conversion_without_dispatch_semantics	pass	pass=1
tests/numsim/runtime/test_tile_owner_transport.py::test_copy_transports_unique_owners_across_warps	engine-stops	engine-stops=1
tests/numsim/runtime/test_tile_reduction_variants.py::test_local_reductions_round_each_bfloat16_sum_step	pass	pass=1
tests/numsim/runtime/test_tile_reduction_variants.py::test_local_float64_reductions_match_b200_edge_bits	pass	pass=1
tests/numsim/runtime/test_tile_reduction_variants.py::test_local_integer_reductions_wrap_and_preserve_order	pass	pass=8
tests/numsim/runtime/test_tile_reduction_variants.py::test_warp_collective_reduction_follows_physical_lane_ownership	other-assertion	other-assertion=1
tests/numsim/runtime/test_tile_reduction_variants.py::test_partial_warp_collective_reduction_preserves_lane_groups	pass	pass=1
tests/numsim/runtime/test_tile_reduction_variants.py::test_local_collective_uses_lexicographic_order	other-assertion	other-assertion=1
tests/numsim/runtime/test_tile_reduction_variants.py::test_maxmin_uses_canonical_lexicographic_nan_and_signed_zero_order	other-assertion	other-assertion=1
tests/numsim/runtime/test_tile_unary_codegen.py::test_unary_tile_ops_run_through_local_reg_lowering	pass	pass=1
tests/numsim/runtime/test_tile_unary_codegen.py::test_unary_tile_ops_run_through_two_warp_shared_cta_lowering	pass	pass=1
tests/numsim/runtime/test_tile_unary_codegen.py::test_shared_cta_in_place_ops_have_single_writer_per_element	pass	pass=1
tests/numsim/runtime/test_tile_unary_codegen.py::test_warp_shared_element_owner_selects_lane_varying_scalar	pass	pass=1
tests/numsim/runtime/test_tile_unary_codegen.py::test_warpgroup_shared_in_place_op_writes_once_across_four_warps	pass	pass=1
tests/numsim/runtime/test_tile_unary_codegen.py::test_shared_cta_cast_uses_shared_ownership_and_completion	pass	pass=1
tests/numsim/runtime/test_tile_unary_codegen.py::test_warpgroup_shared_owner_is_independent_of_vector_chunk	other-assertion:delta	other-assertion=1
tests/numsim/runtime/test_tile_unary_codegen.py::test_unary_tile_ops_fail_closed_on_unknown_config	pass	pass=1
tests/numsim/runtime/test_tile_unary_codegen.py::test_fill_accepts_e4m3_register_tile	pass	pass=1
tests/numsim/runtime/test_tma_atomicity.py::test_tma_atomicity_layout_and_checkers	pass	pass=1
tests/numsim/runtime/test_tma_atomicity.py::test_tma_atomicity_direction_restrictions	other-assertion:port	other-assertion=1
tests/numsim/runtime/test_tma_dtype_runtime_domain.py::test_typed_tma_supported_dtype_domain_preserves_values_and_bytes	pass	pass=5
tests/numsim/runtime/test_tma_im2col.py::test_im2col_interleaved	pass	pass=3
tests/numsim/runtime/test_tma_im2col.py::test_im2col_spatial	pass	pass=3
tests/numsim/runtime/test_tma_im2col.py::test_im2col_store_and_reduce	pass	pass=4
tests/numsim/runtime/test_tma_im2col_multiissuer.py::test_im2col_per_thread_coordinates_and_offsets	pass	pass=3
tests/numsim/runtime/test_tma_im2col_multiissuer.py::test_wide_im2col_per_thread_halo_offset_and_completion	pass	pass=2
tests/numsim/runtime/test_tma_interleave_hints.py::test_swizzled_interleave_prefetch_preserves_memory	pass	pass=2
tests/numsim/runtime/test_tma_interleave_hints.py::test_swizzled_interleave_transfer_rejects_only_when_issued	pass	pass=3
tests/numsim/runtime/test_tma_multiissuer.py::test_tma_multiissuer_coordinates_and_target_completion	pass	pass=7
tests/numsim/runtime/test_tma_swizzle96.py::test_swizzle96_documented_layout	pass	pass=2
tests/numsim/runtime/test_tma_u6.py::test_tma_u6_layout_and_checkers	pass	pass=1
tests/numsim/runtime/test_variable_identity.py::test_distinct_tir_vars_with_the_same_name_do_not_alias	pass	pass=1
tests/numsim/runtime/test_variable_identity.py::test_parameter_identity_is_not_replaced_by_an_inner_var_with_the_same_name	pass	pass=1
tests/numsim/runtime/test_variable_identity.py::test_runtime_shape_uses_the_exact_shape_var_identity	pass	pass=1
tests/numsim/runtime/test_wait_until.py::test_initial_wait_rechecks_conditional_predicate	pass	pass=8
tests/numsim/runtime/test_wait_until.py::test_rendezvous_matches_raw_spelling	pin-internals	pin-internals=1
tests/numsim/runtime/test_wait_until.py::test_declared_rendezvous_is_clean	pass	pass=1
tests/numsim/runtime/test_wait_until.py::test_packed_wait_matches_raw_spelling	pin-internals	pin-internals=4
tests/numsim/runtime/test_wait_until.py::test_a_plain_access_on_a_declared_word_is_reported	pass	pass=1
tests/numsim/runtime/test_wait_until.py::test_a_scoped_reset_is_not_reported	pass	pass=1
tests/numsim/runtime/test_wait_until.py::test_an_ordered_plain_reset_is_not_reported	pass	pass=1
tests/numsim/runtime/test_wait_until.py::test_bit_typed_word_matches_raw_spelling	pin-internals	pin-internals=1
tests/numsim/runtime/test_wait_until.py::test_a_backoff_is_the_cuda_loops_business_and_not_the_engines	pin-internals	pin-internals=1
tests/numsim/runtime/test_wait_until.py::test_a_candidate_index_outside_its_local_table_is_an_execution_error	pin-message	pin-message=1
tests/numsim/runtime/test_wait_until.py::test_reading_the_word_once_is_not_made_correct_by_declaring_it	pass	pass=1
