legacy_test	class	v2_tests	basis	note
tests/analysis_tools/synccheck/runtime/test_device_additional_payload_ops.py::test_payload_runtime	a	tests/numsim/v2/ports/test_internals_device_additional_payload_ops.py::test_payload_runtime;tests/numsim/v2/ports/test_triage_device_additional_payload_ops.py::test_payload_runtime_raw_tcgen_mma_tf32_ts_predicated_rejects_cross_subpartition_tmem_store	numsim-behaviour-deltas T4	other-assertion item raw_tcgen_mma_tf32_ts_predicated only: warp 0 stores TMEM lane 32+ -> bad_address (legacy accepted). The 38 pin-internals and 2 synccheck-verdict items are other classes. v2_tests repeat v2_ports_triage.tsv
tests/numsim/integration/test_global_alias_artifact.py::test_global_decl_buffer_alias_reuses_parameter_allocation_bytes	a	tests/numsim/v2/ports/test_triage_global_alias_artifact.py::test_global_decl_buffer_alias_reuses_parameter_allocation_bytes	numsim-behaviour-deltas H2 (new)	legacy wrote results back into the caller's array; v2 returns them in result.outputs; also drops rust_source pins
tests/numsim/integration/test_scheduler_polling_artifact.py::test_finite_for_time_slice_schedules_peer_without_pattern_matching	a	tests/numsim/v2/ports/test_triage_scheduler_polling_artifact.py::test_finite_for_time_slice_schedules_peer_without_pattern_matching	numsim-behaviour-deltas H3 (new)	pins spin count 64 (legacy quantum) and stats.poll_order; v2 21 at seed 0; peer scheduled, signal observed
tests/numsim/integration/test_scheduler_polling_artifact.py::test_time_slice_does_not_replay_body_side_effects_and_schedules_peer	a	tests/numsim/v2/ports/test_triage_scheduler_polling_artifact.py::test_time_slice_does_not_replay_body_side_effects_and_schedules_peer	numsim-behaviour-deltas H3 (new)	pins spin count 64 and stats.poll_order; v2 25 at seed 0
tests/numsim/integration/test_scheduler_polling_artifact.py::test_time_slice_uses_configured_reschedule_quantum	a	tests/numsim/v2/ports/test_triage_scheduler_polling_artifact.py::test_time_slice_uses_configured_reschedule_quantum	numsim-behaviour-deltas H3 (new)	pins spin count 7 (= quantum) and poll_order; v2 still passes the quantum to the scheduler (run.py) but the interleaving differs (0 at seed 0)
tests/numsim/integration/test_tcgen_transfer_artifact.py::test_tcgen_cp_cta_group2_supports_float16_payloads	a	tests/numsim/v2/ports/test_w11_tcgen_transfer_artifact.py::test_tcgen_cp_cta_group2_supports_float16_payloads	numsim-behaviour-deltas T5 (new)	legacy kernel reads TMEM after an un-waited tcgen05.cp (lowered fine, not the L1 replicated-view rejection); copy asserts the race on the verbatim kernel and the legacy values on a commit/wait kernel. Supersedes the earlier 'delete, W1 out of scope' triage
tests/numsim/integration/test_tcgen_transfer_artifact.py::test_tcgen_cp_expands_tlane_replicas	a	tests/numsim/v2/ports/test_w11_tcgen_transfer_artifact.py::test_tcgen_cp_expands_tlane_replicas	numsim-behaviour-deltas T5 (new)	as above (warpx4 replication kept)
tests/numsim/integration/test_tcgen_transfer_artifact.py::test_tcgen_cp_supports_rank3_multi_instruction_layout	a	tests/numsim/v2/ports/test_w11_tcgen_transfer_artifact.py::test_tcgen_cp_supports_rank3_multi_instruction_layout	numsim-behaviour-deltas T5 (new)	as above (rank-3 multi-instruction layout kept)
tests/numsim/runtime/test_compare_predicates.py::test_compare_instruction_predicates	b		CONTRACT_REQUESTS W11-other-assertion W11-1 (W1)	setp/testp .pred destination of a guarded op kept raw (91) instead of the bridged 0/1; the set/slct/clmad inactive-lane differences in [False] are delta P8; active lanes all match
tests/numsim/runtime/test_cvt_carriers.py::test_cvt_carriers_truncate_extend_and_gate_reads	b		CONTRACT_REQUESTS W11-other-assertion W11-2 (W2)	[s]: signed cvt into a wider carrier zero-extended because the op is resolved with its first use's types; mode-1 (guarded, no preserve_dst) inactive lanes keep 0x5A instead of legacy 0 in [u]/[s]/[f] = delta P8
tests/numsim/runtime/test_discard.py::test_discard_indeterminate_read_and_alignment	b		CONTRACT_REQUESTS W9-public-API; fixed in 'W2 (2026-10-08): W9-public-API engine bugs fixed'	fixed during this triage: legacy test passes unchanged under v2 (flip)
tests/numsim/runtime/test_launch_resource_facts.py::test_pointer_bits_preserve_binding_address_and_subview_offset	a	tests/numsim/v2/ports/test_internals_launch_resource_facts.py::test_subview_keeps_its_offset_inside_the_bound_region;tests/numsim/v2/ports/test_internals_launch_resource_facts.py::test_lone_binding_gets_an_aligned_base	numsim-behaviour-deltas H1 (new)	legacy exposed host pointer bits; v2 4 KiB-aligned synthetic bases (W2 V2C-35 reversal); v2_tests repeat v2_ports_internals.tsv
tests/numsim/runtime/test_mbarrier_maintenance.py::test_maintenance_active_addresses_still_checked	a	tests/numsim/v2/ports/test_triage_mbarrier_maintenance.py::test_maintenance_active_addresses_still_checked	racecheck-behaviour-deltas P5/T6; test-migration.md 'Kind names'	oob -> out_of_bounds, span message; extra register uninitialized_read review
tests/numsim/runtime/test_mbarrier_maintenance.py::test_maintenance_predicates_and_carriers	b		CONTRACT_REQUESTS W11-other-assertion W11-1 (W1)	mbarrier.check_layout .pred destination with preserve_dst=True keeps -7 raw instead of 1; all other cases pass
tests/numsim/runtime/test_memory_coverage_next.py::test_no_complete_rejects_exhausted_arrivals	a	tests/numsim/v2/ports/test_triage_memory_coverage_next.py::test_no_complete_rejects_exhausted_arrivals	sync-behaviour-deltas M6	typed NoCompleteWouldComplete replaces the legacy message text
tests/numsim/runtime/test_memory_sync_coverage.py::test_memory_sync_extensions	b		CONTRACT_REQUESTS W9-public-API; fixed in 'W2 (2026-10-08): W9-public-API engine bugs fixed'	other-assertion item address_queries (isspacep.shared::cta rank) fixed and passes; the function still fails on scalar_async_store, a racecheck-verdict item (W5), not this class
tests/numsim/runtime/test_non_tensor_bulk_forms.py::test_st_bulk_size_is_evaluated_per_issuing_lane	b		CONTRACT_REQUESTS W9-public-API; fixed in 'W2 (2026-10-08): W9-public-API engine bugs fixed'	fixed during this triage: legacy test passes unchanged under v2 (flip)
tests/numsim/runtime/test_scalar_control.py::test_mapa_and_cvta_expose_the_device_validated_integer_bits	b		CONTRACT_REQUESTS W9-public-API; fixed in 'W2 (2026-10-08): W9-public-API engine bugs fixed'	fixed during this triage (GENERIC_SHARED_BASE = 0xFFFE_0000_0000): legacy test passes unchanged under v2 (flip)
tests/numsim/runtime/test_sm107_register_predicates.py::test_sm107_register_predicates	a	tests/numsim/v2/ports/test_w11_sm107_register_predicates.py::test_sm107_register_predicates	numsim-behaviour-deltas P8 (new)	[False]: inactive write-only destinations keep 91 instead of legacy 0 (GPU value unspecified; the GPU microtest skips these lanes); [True] passes unchanged
tests/numsim/runtime/test_tile_general_semantics.py::test_right_aligned_buffer_broadcast_maps_destination_coordinates	a	tests/numsim/v2/ports/test_triage_tile_general_semantics.py::test_right_aligned_buffer_broadcast_maps_destination_coordinates	numsim-behaviour-deltas R3 (new; Decision 6)	dispatched f32 Tx.add is add.rz.ftz.f32x2; 64/256 sums 1 ulp below legacy RN
tests/numsim/runtime/test_tile_reduction_variants.py::test_local_collective_uses_lexicographic_order	a	tests/numsim/v2/ports/test_tile_reduction_dispatch.py::test_local_collective_uses_lexicographic_order	numsim-behaviour-deltas R1	butterfly order; repeats v2_ports_reductions.tsv
tests/numsim/runtime/test_tile_reduction_variants.py::test_maxmin_uses_canonical_lexicographic_nan_and_signed_zero_order	a	tests/numsim/v2/ports/test_tile_reduction_dispatch.py::test_maxmin_uses_canonical_lexicographic_nan_and_signed_zero_order	numsim-behaviour-deltas R2	unseeded 3input_maxmin, all-NaN gives 0x7FFFFFFF; repeats v2_ports_reductions.tsv
tests/numsim/runtime/test_tile_reduction_variants.py::test_warp_collective_reduction_follows_physical_lane_ownership	a	tests/numsim/v2/ports/test_tile_reduction_dispatch.py::test_warp_collective_reduction_follows_physical_lane_ownership	numsim-behaviour-deltas R1	butterfly order; repeats v2_ports_reductions.tsv
tests/numsim/runtime/test_tile_unary_codegen.py::test_warpgroup_shared_owner_is_independent_of_vector_chunk	a	tests/numsim/v2/ports/test_triage_tile_unary_codegen.py::test_warpgroup_shared_owner_is_independent_of_vector_chunk	numsim-behaviour-deltas R3 (new; Decision 6)	dispatched smem chunks: owner (i//2)%128 for f32x2 add (rz), i//4 for vec4 fdiv; legacy i%128
tests/numsim/runtime/test_tma_atomicity.py::test_tma_atomicity_direction_restrictions	a	tests/numsim/v2/ports/test_triage_tma_atomicity.py::test_tma_atomicity_direction_restrictions	pins a legacy report string: CONTRACT_REQUESTS 'W1 (2026-10-08): sweep 3, SiteInfo.text'	source_text of a from_source kernel (no readable file) is the builtin name, not 'T.ptx.cp('; incomplete reason in details.reason; verdicts/messages kept
tests/numsim/integration/test_reported_layout_regressions.py::test_explicit_shared_strides_still_reject_an_executed_oob_address	b		CONTRACT_REQUESTS W11-other-assertion W11-3 (W1)	class v2-accepts-legacy-rejection: pool sized from the strided view (33792 B) instead of committed dyn_smem_bytes (2048 B), so the OOB store is accepted
